1048576, 
 1048576, 
 1048576, 
 1048576, 
 1048576, 
 1048576, 
 1048576, 
 1048576, 
 1048576, 
 1048576, 
 1048576, 
 1048576, 
 1048576, 
 1048576, 
 1048576, 
 1048576, 
 1048576, 
 1048576, 
 1048576, 
 1048576, 
 1048576, 
 1048576, 
 1048576, 
 1048576, 
 1048576, 
 1048576, 
 1048576, 
 1048576, 
 1048576, 
 1048576, 
 1048576, 
 1048576, 
 1048576, 
 1048576, 
 1048576, 
 1048576, 
 1048576, 
 1048576, 
 1048576, 
 1048576, 
 1048576, 
 1048576, 
 1048576, 
 1048576, 
 1048576, 
 1048576, 
 1048576, 
 1048576, 
 1048576, 
 1048576, 
 1048576, 
 1048576, 
 1048576, 
 1048576, 
 1048576, 
 1048576, 
 1048576, 
 1048576, 
 1048576, 
 1048576, 
 1048576, 
 1048576, 
 1048576, 
 1048576, 
 1048576, 
 1048576, 
 1048576, 
 1048576, 
 1048576, 
 1048576, 
 1048576, 
 1048576, 
 1048576, 
 1048576, 
 1048576, 
 1048576, 
 1048576, 
 1048576, 
 1048576, 
 1048576, 
 1048576, 
 1048576, 
 1048576, 
 1048576, 
 1048576, 
 1048576, 
 1048576, 
 1048576, 
 1048576, 
 1048576, 
 1048576, 
 1048576, 
 1048576, 
 1048576, 
 1048576, 
 1048576, 
 1048576, 
 1048576, 
 1048576, 
 1048576, 
 1048576, 
 1048576, 
 1048576, 
 1048576, 
 1048575, 
 1048575, 
 1048575, 
 1048575, 
 1048575, 
 1048575, 
 1048575, 
 1048573, 
 1048573, 
 1048572, 
 1048572, 
 1048572, 
 1048572, 
 1048572, 
 1048572, 
 1048572, 
 1048571, 
 1048571, 
 1048570, 
 1048570, 
 1048570, 
 1048570, 
 1048570, 
 1048570, 
 1048570, 
 1048570, 
 1048569, 
 1048569, 
 1048569, 
 1048569, 
 1048569, 
 1048569, 
 1048568, 
 1048568, 
 1048568, 
 1048568, 
 1048566, 
 1048566, 
 1048565, 
 1048564, 
 1048564, 
 1048564, 
 1048564, 
 1048564, 
 1048562, 
 1048561, 
 1048559, 
 1048559, 
 1048559, 
 1048558, 
 1048558, 
 1048556, 
 1048554, 
 1048553, 
 1048550, 
 1048550, 
 1048549, 
 1048548, 
 1048547, 
 1048544, 
 1048544, 
 1048543, 
 1048539, 
 1048536, 
 1048531, 
 1048530, 
 1048529, 
 1048526, 
 1048521, 
 1048521, 
 1048520, 
 1048518, 
 1048513, 
 1048513, 
 1048507, 
 1048501, 
 1048498, 
 1048495, 
 1048489, 
 1048483, 
 1048481, 
 1048478, 
 1048474, 
 1048469, 
 1048463, 
 1048457, 
 1048452, 
 1048446, 
 1048438, 
 1048434, 
 1048428, 
 1048420, 
 1048411, 
 1048407, 
 1048400, 
 1048392, 
 1048386, 
 1048381, 
 1048376, 
 1048373, 
 1048366, 
 1048360, 
 1048354, 
 1048346, 
 1048337, 
 1048327, 
 1048318, 
 1048311, 
 1048302, 
 1048294, 
 1048284, 
 1048271, 
 1048260, 
 1048252, 
 1048236, 
 1048231, 
 1048226, 
 1048210, 
 1048199, 
 1048183, 
 1048173, 
 1048160, 
 1048148, 
 1048137, 
 1048116, 
 1048095, 
 1048082, 
 1048064, 
 1048041, 
 1048021, 
 1047997, 
 1047978, 
 1047961, 
 1047952, 
 1047928, 
 1047910, 
 1047889, 
 1047870, 
 1047853, 
 1047832, 
 1047817, 
 1047783, 
 1047759, 
 1047735, 
 1047707, 
 1047687, 
 1047665, 
 1047642, 
 1047618, 
 1047589, 
 1047557, 
 1047524, 
 1047495, 
 1047459, 
 1047426, 
 1047393, 
 1047359, 
 1047327, 
 1047297, 
 1047264, 
 1047235, 
 1047201, 
 1047161, 
 1047124, 
 1047085, 
 1047049, 
 1047006, 
 1046969, 
 1046931, 
 1046887, 
 1046844, 
 1046809, 
 1046780, 
 1046727, 
 1046693, 
 1046653, 
 1046605, 
 1046559, 
 1046505, 
 1046461, 
 1046404, 
 1046349, 
 1046300, 
 1046248, 
 1046196, 
 1046140, 
 1046077, 
 1046022, 
 1045970, 
 1045911, 
 1045860, 
 1045799, 
 1045737, 
 1045671, 
 1045601, 
 1045536, 
 1045471, 
 1045415, 
 1045341, 
 1045274, 
 1045200, 
 1045122, 
 1045055, 
 1044972, 
 1044886, 
 1044803, 
 1044723, 
 1044628, 
 1044543, 
 1044440, 
 1044342, 
 1044259, 
 1044182, 
 1044093, 
 1043991, 
 1043896, 
 1043797, 
 1043687, 
 1043575, 
 1043476, 
 1043370, 
 1043270, 
 1043162, 
 1043047, 
 1042947, 
 1042826, 
 1042732, 
 1042614, 
 1042486, 
 1042379, 
 1042267, 
 1042145, 
 1042015, 
 1041891, 
 1041751, 
 1041613, 
 1041484, 
 1041334, 
 1041199, 
 1041076, 
 1040953, 
 1040810, 
 1040673, 
 1040545, 
 1040395, 
 1040253, 
 1040108, 
 1039961, 
 1039800, 
 1039638, 
 1039481, 
 1039293, 
 1039134, 
 1038968, 
 1038805, 
 1038641, 
 1038480, 
 1038322, 
 1038142, 
 1037943, 
 1037741, 
 1037537, 
 1037361, 
 1037163, 
 1036968, 
 1036785, 
 1036609, 
 1036394, 
 1036206, 
 1036012, 
 1035809, 
 1035579, 
 1035362, 
 1035152, 
 1034948, 
 1034730, 
 1034524, 
 1034310, 
 1034073, 
 1033848, 
 1033619, 
 1033397, 
 1033163, 
 1032937, 
 1032690, 
 1032460, 
 1032225, 
 1031978, 
 1031718, 
 1031471, 
 1031226, 
 1030941, 
 1030659, 
 1030401, 
 1030126, 
 1029848, 
 1029575, 
 1029304, 
 1029023, 
 1028756, 
 1028496, 
 1028241, 
 1027963, 
 1027669, 
 1027364, 
 1027093, 
 1026789, 
 1026493, 
 1026198, 
 1025868, 
 1025564, 
 1025239, 
 1024950, 
 1024607, 
 1024296, 
 1023975, 
 1023658, 
 1023324, 
 1023017, 
 1022669, 
 1022304, 
 1021936, 
 1021590, 
 1021266, 
 1020914, 
 1020569, 
 1020197, 
 1019814, 
 1019479, 
 1019120, 
 1018754, 
 1018371, 
 1017995, 
 1017616, 
 1017236, 
 1016854, 
 1016454, 
 1016048, 
 1015669, 
 1015306, 
 1014876, 
 1014447, 
 1014010, 
 1013617, 
 1013179, 
 1012734, 
 1012284, 
 1011847, 
 1011436, 
 1011036, 
 1010642, 
 1010219, 
 1009768, 
 1009287, 
 1008830, 
 1008390, 
 1007953, 
 1007506, 
 1007047, 
 1006610, 
 1006173, 
 1005669, 
 1005184, 
 1004718, 
 1004275, 
 1003789, 
 1003308, 
 1002790, 
 1002286, 
 1001790, 
 1001316, 
 1000799, 
 1000325, 
 999829, 
 999312, 
 998806, 
 998317, 
 997786, 
 997263, 
 996727, 
 996185, 
 995677, 
 995116, 
 994544, 
 993993, 
 993453, 
 992916, 
 992336, 
 991784, 
 991230, 
 990684, 
 990074, 
 989519, 
 988921, 
 988280, 
 987673, 
 987154, 
 986566, 
 985967, 
 985336, 
 984775, 
 984185, 
 983565, 
 982951, 
 982342, 
 981724, 
 981127, 
 980477, 
 979906, 
 979288, 
 978576, 
 977932, 
 977304, 
 976657, 
 975976, 
 975313, 
 974675, 
 974037, 
 973405, 
 972730, 
 972058, 
 971440, 
 970728, 
 970086, 
 969415, 
 968716, 
 968086, 
 967407, 
 966736, 
 966016, 
 965355, 
 964660, 
 963986, 
 963309, 
 962611, 
 961906, 
 961158, 
 960457, 
 959745, 
 959047, 
 958327, 
 957586, 
 956839, 
 956135, 
 955424, 
 954719, 
 954032, 
 953240, 
 952496, 
 951745, 
 950983, 
 950261, 
 949499, 
 948742, 
 947975, 
 947242, 
 946441, 
 945726, 
 944956, 
 944166, 
 943368, 
 942612, 
 941823, 
 941014, 
 940263, 
 939489, 
 938691, 
 937921, 
 937113, 
 936322, 
 935502, 
 934695, 
 933883, 
 933082, 
 932243, 
 931449, 
 930669, 
 929834, 
 928986, 
 928201, 
 927347, 
 926523, 
 925704, 
 924851, 
 923951, 
 923109, 
 922194, 
 921356, 
 920476, 
 919544, 
 918644, 
 917799, 
 916964, 
 916041, 
 915147, 
 914264, 
 913385, 
 912518, 
 911654, 
 910774, 
 909881, 
 909011, 
 908133, 
 907288, 
 906354, 
 905474, 
 904570, 
 903663, 
 902810, 
 901864, 
 900957, 
 900052, 
 899125, 
 898163, 
 897258, 
 896300, 
 895385, 
 894515, 
 893619, 
 892682, 
 891728, 
 890778, 
 889860, 
 888908, 
 887948, 
 886993, 
 885950, 
 885018, 
 884035, 
 883029, 
 882086, 
 881164, 
 880190, 
 879219, 
 878268, 
 877319, 
 876322, 
 875372, 
 874372, 
 873432, 
 872440, 
 871414, 
 870501, 
 869530, 
 868566, 
 867595, 
 866634, 
 865599, 
 864587, 
 863573, 
 862540, 
 861596, 
 860618, 
 859602, 
 858582, 
 857549, 
 856553, 
 855523, 
 854512, 
 853478, 
 852458, 
 851431, 
 850389, 
 849378, 
 848383, 
 847346, 
 846338, 
 845279, 
 844329, 
 843339, 
 842309, 
 841302, 
 840293, 
 839217, 
 838164, 
 837062, 
 836012, 
 834968, 
 833924, 
 832909, 
 831910, 
 830836, 
 829808, 
 828780, 
 827732, 
 826642, 
 825609, 
 824545, 
 823465, 
 822377, 
 821255, 
 820257, 
 819163, 
 818078, 
 816997, 
 815986, 
 814895, 
 813786, 
 812762, 
 811646, 
 810571, 
 809424, 
 808386, 
 807291, 
 806180, 
 805141, 
 804102, 
 803010, 
 801926, 
 800882, 
 799801, 
 798734, 
 797632, 
 796485, 
 795394, 
 794284, 
 793141, 
 792053, 
 790954, 
 789868, 
 788727, 
 787573, 
 786479, 
 785355, 
 784232, 
 783154, 
 782033, 
 780954, 
 779881, 
 778788, 
 777691, 
 776601, 
 775493, 
 774377, 
 773260, 
 772175, 
 771075, 
 769945, 
 768860, 
 767733, 
 766635, 
 765519, 
 764398, 
 763266, 
 762109, 
 761018, 
 759898, 
 758760, 
 757645, 
 756499, 
 755431, 
 754293, 
 753180, 
 752032, 
 750951, 
 749802, 
 748666, 
 747596, 
 746457, 
 745365, 
 744197, 
 743067, 
 741940, 
 740794, 
 739586, 
 738441, 
 737313, 
 736135, 
 735006, 
 733908, 
 732810, 
 731715, 
 730617, 
 729500, 
 728325, 
 727205, 
 726077, 
 724919, 
 723802, 
 722715, 
 721591, 
 720423, 
 719273, 
 718143, 
 716974, 
 715849, 
 714691, 
 713494, 
 712401, 
 711316, 
 710195, 
 709042, 
 707978, 
 706832, 
 705706, 
 704593, 
 703450, 
 702332, 
 701178, 
 700020, 
 698845, 
 697750, 
 696640, 
 695491, 
 694409, 
 693306, 
 692182, 
 691079, 
 689892, 
 688754, 
 687613, 
 686486, 
 685411, 
 684279, 
 683162, 
 682015, 
 680923, 
 679787, 
 678605, 
 677491, 
 676346, 
 675246, 
 674055, 
 672919, 
 671801, 
 670657, 
 669517, 
 668410, 
 667310, 
 666151, 
 665053, 
 663959, 
 662865, 
 661747, 
 660607, 
 659505, 
 658369, 
 657213, 
 656118, 
 655079, 
 653993, 
 652877, 
 651755, 
 650582, 
 649491, 
 648399, 
 647281, 
 646183, 
 645027, 
 643927, 
 642811, 
 641723, 
 640625, 
 639507, 
 638484, 
 637357, 
 636303, 
 635134, 
 633969, 
 632824, 
 631717, 
 630618, 
 629525, 
 628357, 
 627273, 
 626097, 
 624938, 
 623867, 
 622732, 
 621614, 
 620530, 
 619428, 
 618286, 
 617175, 
 616054, 
 614927, 
 613765, 
 612659, 
 611538, 
 610432, 
 609335, 
 608218, 
 607143, 
 606062, 
 604942, 
 603849, 
 602741, 
 601655, 
 600614, 
 599563, 
 598436, 
 597408, 
 596311, 
 595259, 
 594174, 
 593074, 
 591996, 
 590912, 
 589800, 
 588752, 
 587700, 
 586624, 
 585500, 
 584442, 
 583267, 
 582205, 
 581077, 
 580033, 
 578953, 
 577888, 
 576800, 
 575742, 
 574721, 
 573688, 
 572632, 
 571558, 
 570469, 
 569426, 
 568344, 
 567249, 
 566247, 
 565211, 
 564222, 
 563119, 
 562040, 
 560984, 
 559927, 
 558828, 
 557798, 
 556727, 
 555673, 
 554608, 
 553541, 
 552522, 
 551526, 
 550459, 
 549388, 
 548376, 
 547329, 
 546271, 
 545226, 
 544194, 
 543187, 
 542151, 
 541157, 
 540101, 
 539048, 
 537993, 
 536940, 
 535867, 
 534881, 
 533841, 
 532831, 
 531833, 
 530793, 
 529750, 
 528614, 
 527612, 
 526537, 
 525465, 
 524420, 
 523393, 
 522394, 
 521325, 
 520319, 
 519257, 
 518268, 
 517304, 
 516311, 
 515351, 
 514284, 
 513237, 
 512208, 
 511115, 
 510072, 
 509071, 
 508062, 
 507070, 
 506019, 
 504987, 
 503997, 
 502943, 
 501902, 
 500880, 
 499917, 
 498872, 
 497868, 
 496854, 
 495777, 
 494772, 
 493782, 
 492789, 
 491801, 
 490824, 
 489805, 
 488810, 
 487811, 
 486862, 
 485871, 
 484926, 
 483966, 
 482964, 
 481993, 
 481025, 
 480086, 
 479032, 
 478061, 
 477068, 
 476075, 
 475130, 
 474135, 
 473128, 
 472164, 
 471203, 
 470252, 
 469275, 
 468315, 
 467395, 
 466409, 
 465443, 
 464451, 
 463510, 
 462524, 
 461586, 
 460604, 
 459681, 
 458728, 
 457775, 
 456839, 
 455897, 
 455016, 
 454081, 
 453121, 
 452214, 
 451253, 
 450334, 
 449369, 
 448429, 
 447448, 
 446462, 
 445470, 
 444512, 
 443570, 
 442624, 
 441712, 
 440810, 
 439880, 
 438972, 
 438068, 
 437136, 
 436177, 
 435236, 
 434309, 
 433416, 
 432522, 
 431566, 
 430645, 
 429699, 
 428819, 
 427875, 
 426978, 
 426049, 
 425152, 
 424262, 
 423372, 
 422518, 
 421630, 
 420744, 
 419809, 
 418937, 
 418061, 
 417182, 
 416242, 
 415371, 
 414397, 
 413459, 
 412618, 
 411748, 
 410859, 
 409955, 
 409060, 
 408162, 
 407309, 
 406387, 
 405492, 
 404589, 
 403689, 
 402853, 
 401975, 
 401091, 
 400219, 
 399379, 
 398489, 
 397600, 
 396759, 
 395885, 
 395081, 
 394230, 
 393348, 
 392450, 
 391567, 
 390776, 
 389911, 
 388979, 
 388138, 
 387288, 
 386447, 
 385586, 
 384740, 
 383884, 
 383047, 
 382181, 
 381342, 
 380503, 
 379667, 
 378862, 
 378058, 
 377250, 
 376411, 
 375581, 
 374821, 
 373976, 
 373153, 
 372311, 
 371448, 
 370665, 
 369809, 
 369012, 
 368176, 
 367307, 
 366497, 
 365712, 
 364937, 
 364145, 
 363380, 
 362605, 
 361768, 
 360963, 
 360156, 
 359381, 
 358626, 
 357815, 
 357012, 
 356230, 
 355441, 
 354584, 
 353764, 
 352975, 
 352189, 
 351446, 
 350681, 
 349888, 
 349128, 
 348358, 
 347565, 
 346782, 
 346007, 
 345236, 
 344507, 
 343737, 
 342979, 
 342213, 
 341409, 
 340629, 
 339907, 
 339125, 
 338387, 
 337626, 
 336888, 
 336118, 
 335383, 
 334646, 
 333838, 
 333114, 
 332350, 
 331519, 
 330775, 
 330006, 
 329218, 
 328483, 
 327768, 
 327095, 
 326374, 
 325654, 
 324965, 
 324221, 
 323507, 
 322764, 
 322010, 
 321254, 
 320537, 
 319799, 
 319079, 
 318398, 
 317661, 
 316928, 
 316163, 
 315419, 
 314649, 
 313946, 
 313226, 
 312527, 
 311824, 
 311108, 
 310380, 
 309706, 
 309003, 
 308271, 
 307599, 
 306892, 
 306191, 
 305520, 
 304798, 
 304116, 
 303379, 
 302675, 
 301957, 
 301274, 
 300521, 
 299794, 
 299131, 
 298460, 
 297763, 
 297099, 
 296452, 
 295734, 
 295029, 
 294347, 
 293661, 
 292998, 
 292298, 
 291589, 
 290884, 
 290214, 
 289525, 
 288855, 
 288193, 
 287564, 
 286947, 
 286293, 
 285644, 
 284982, 
 284293, 
 283632, 
 282922, 
 282242, 
 281602, 
 280938, 
 280298, 
 279662, 
 278997, 
 278346, 
 277689, 
 277029, 
 276392, 
 275726, 
 275056, 
 274369, 
 273751, 
 273118, 
 272477, 
 271873, 
 271263, 
 270608, 
 270037, 
 269442, 
 268817, 
 268203, 
 267602, 
 266949, 
 266385, 
 265773, 
 265141, 
 264493, 
 263846, 
 263234, 
 262629, 
 262027, 
 261426, 
 260861, 
 260232, 
 259605, 
 258986, 
 258418, 
 257798, 
 257165, 
 256556, 
 255962, 
 255306, 
 254720, 
 254097, 
 253482, 
 252823, 
 252197, 
 251636, 
 251065, 
 250531, 
 249941, 
 249365, 
 248740, 
 248159, 
 247582, 
 246978, 
 246392, 
 245807, 
 245211, 
 244654, 
 244042, 
 243496, 
 242921, 
 242329, 
 241820, 
 241190, 
 240591, 
 240010, 
 239467, 
 238883, 
 238320, 
 237760, 
 237229, 
 236625, 
 236055, 
 235481, 
 234911, 
 234376, 
 233802, 
 233205, 
 232659, 
 232048, 
 231487, 
 230948, 
 230384, 
 229831, 
 229262, 
 228722, 
 228164, 
 227618, 
 227086, 
 226530, 
 225978, 
 225395, 
 224823, 
 224295, 
 223784, 
 223279, 
 222733, 
 222184, 
 221631, 
 221114, 
 220538, 
 220032, 
 219513, 
 218988, 
 218443, 
 217921, 
 217414, 
 216869, 
 216350, 
 215840, 
 215299, 
 214817, 
 214250, 
 213714, 
 213207, 
 212735, 
 212213, 
 211710, 
 211173, 
 210645, 
 210137, 
 209573, 
 209048, 
 208535, 
 208040, 
 207544, 
 207060, 
 206564, 
 206043, 
 205544, 
 205043, 
 204522, 
 204030, 
 203529, 
 203043, 
 202551, 
 202024, 
 201538, 
 201031, 
 200521, 
 200049, 
 199557, 
 199065, 
 198581, 
 198105, 
 197604, 
 197114, 
 196640, 
 196160, 
 195664, 
 195181, 
 194711, 
 194252, 
 193806, 
 193335, 
 192864, 
 192385, 
 191877, 
 191427, 
 190919, 
 190386, 
 189888, 
 189415, 
 188966, 
 188516, 
 188055, 
 187591, 
 187147, 
 186722, 
 186250, 
 185786, 
 185322, 
 184863, 
 184416, 
 183978, 
 183516, 
 183087, 
 182648, 
 182191, 
 181752, 
 181312, 
 180879, 
 180406, 
 179982, 
 179516, 
 179086, 
 178636, 
 178169, 
 177714, 
 177264, 
 176845, 
 176405, 
 175977, 
 175523, 
 175051, 
 174648, 
 174201, 
 173779, 
 173290, 
 172854, 
 172395, 
 171963, 
 171539, 
 171107, 
 170710, 
 170287, 
 169824, 
 169379, 
 168944, 
 168556, 
 168154, 
 167715, 
 167336, 
 166937, 
 166538, 
 166099, 
 165690, 
 165284, 
 164887, 
 164459, 
 164028, 
 163589, 
 163206, 
 162764, 
 162352, 
 161985, 
 161581, 
 161184, 
 160801, 
 160396, 
 159987, 
 159614, 
 159247, 
 158833, 
 158403, 
 158000, 
 157599, 
 157234, 
 156813, 
 156416, 
 155988, 
 155603, 
 155228, 
 154872, 
 154467, 
 154092, 
 153726, 
 153346, 
 153005, 
 152612, 
 152273, 
 151894, 
 151515, 
 151143, 
 150740, 
 150389, 
 150005, 
 149627, 
 149257, 
 148876, 
 148490, 
 148126, 
 147740, 
 147376, 
 146981, 
 146606, 
 146245, 
 145890, 
 145532, 
 145171, 
 144784, 
 144433, 
 144052, 
 143714, 
 143361, 
 143028, 
 142652, 
 142261, 
 141859, 
 141480, 
 141133, 
 140763, 
 140411, 
 140059, 
 139681, 
 139355, 
 138991, 
 138652, 
 138302, 
 137943, 
 137586, 
 137277, 
 136926, 
 136544, 
 136204, 
 135878, 
 135527, 
 135215, 
 134875, 
 134547, 
 134192, 
 133828, 
 133500, 
 133156, 
 132823, 
 132494, 
 132150, 
 131786, 
 131453, 
 131097, 
 130747, 
 130434, 
 130111, 
 129789, 
 129478, 
 129174, 
 128810, 
 128493, 
 128196, 
 127864, 
 127517, 
 127201, 
 126891, 
 126581, 
 126246, 
 125938, 
 125644, 
 125322, 
 125003, 
 124674, 
 124338, 
 124023, 
 123708, 
 123422, 
 123106, 
 122783, 
 122482, 
 122184, 
 121876, 
 121571, 
 121265, 
 120946, 
 120611, 
 120329, 
 120063, 
 119760, 
 119463, 
 119127, 
 118874, 
 118599, 
 118286, 
 117989, 
 117693, 
 117411, 
 117092, 
 116824, 
 116537, 
 116227, 
 115942, 
 115626, 
 115334, 
 115055, 
 114747, 
 114449, 
 114163, 
 113846, 
 113530, 
 113250, 
 112957, 
 112671, 
 112369, 
 112068, 
 111798, 
 111507, 
 111217, 
 110924, 
 110616, 
 110342, 
 110068, 
 109806, 
 109477, 
 109227, 
 108937, 
 108624, 
 108347, 
 108085, 
 107792, 
 107542, 
 107271, 
 106970, 
 106702, 
 106397, 
 106153, 
 105878, 
 105577, 
 105333, 
 105043, 
 104763, 
 104474, 
 104208, 
 103959, 
 103695, 
 103439, 
 103183, 
 102916, 
 102666, 
 102379, 
 102107, 
 101828, 
 101568, 
 101297, 
 101034, 
 100772, 
 100523, 
 100245, 
 99976, 
 99722, 
 99445, 
 99204, 
 98947, 
 98695, 
 98450, 
 98193, 
 97938, 
 97645, 
 97418, 
 97188, 
 96930, 
 96692, 
 96460, 
 96200, 
 95942, 
 95710, 
 95462, 
 95219, 
 94949, 
 94733, 
 94449, 
 94208, 
 93965, 
 93720, 
 93489, 
 93257, 
 93019, 
 92777, 
 92546, 
 92296, 
 92051, 
 91810, 
 91591, 
 91347, 
 91114, 
 90888, 
 90651, 
 90424, 
 90175, 
 89940, 
 89712, 
 89479, 
 89247, 
 89026, 
 88774, 
 88541, 
 88331, 
 88099, 
 87874, 
 87607, 
 87376, 
 87141, 
 86942, 
 86705, 
 86488, 
 86252, 
 86022, 
 85799, 
 85577, 
 85341, 
 85132, 
 84930, 
 84718, 
 84510, 
 84308, 
 84087, 
 83848, 
 83651, 
 83418, 
 83185, 
 82979, 
 82746, 
 82531, 
 82324, 
 82119, 
 81927, 
 81744, 
 81558, 
 81359, 
 81148, 
 80934, 
 80722, 
 80506, 
 80292, 
 80078, 
 79882, 
 79658, 
 79456, 
 79264, 
 79065, 
 78858, 
 78662, 
 78451, 
 78262, 
 78079, 
 77866, 
 77661, 
 77444, 
 77236, 
 77006, 
 76789, 
 76606, 
 76405, 
 76175, 
 75968, 
 75785, 
 75608, 
 75403, 
 75211, 
 75007, 
 74815, 
 74628, 
 74443, 
 74244, 
 74070, 
 73863, 
 73677, 
 73471, 
 73280, 
 73111, 
 72891, 
 72695, 
 72496, 
 72310, 
 72129, 
 71956, 
 71759, 
 71564, 
 71390, 
 71205, 
 71008, 
 70821, 
 70639, 
 70447, 
 70247, 
 70090, 
 69903, 
 69728, 
 69540, 
 69344, 
 69178, 
 68990, 
 68809, 
 68641, 
 68455, 
 68275, 
 68086, 
 67923, 
 67768, 
 67584, 
 67399, 
 67235, 
 67052, 
 66861, 
 66695, 
 66522, 
 66334, 
 66158, 
 65992, 
 65798, 
 65623, 
 65439, 
 65271, 
 65119, 
 64942, 
 64780, 
 64610, 
 64424, 
 64260, 
 64090, 
 63948, 
 63791, 
 63613, 
 63428, 
 63254, 
 63097, 
 62958, 
 62791, 
 62615, 
 62438, 
 62284, 
 62131, 
 61963, 
 61799, 
 61651, 
 61493, 
 61315, 
 61167, 
 61004, 
 60835, 
 60668, 
 60519, 
 60378, 
 60232, 
 60062, 
 59922, 
 59770, 
 59616, 
 59462, 
 59289, 
 59129, 
 58967, 
 58809, 
 58638, 
 58498, 
 58326, 
 58179, 
 58035, 
 57895, 
 57720, 
 57563, 
 57427, 
 57282, 
 57132, 
 56995, 
 56848, 
 56675, 
 56542, 
 56381, 
 56238, 
 56095, 
 55944, 
 55804, 
 55667, 
 55524, 
 55373, 
 55239, 
 55096, 
 54961, 
 54806, 
 54657, 
 54525, 
 54396, 
 54259, 
 54116, 
 53962, 
 53829, 
 53690, 
 53551, 
 53406, 
 53253, 
 53104, 
 52955, 
 52807, 
 52647, 
 52510, 
 52371, 
 52243, 
 52107, 
 51979, 
 51850, 
 51698, 
 51567, 
 51439, 
 51304, 
 51155, 
 51012, 
 50881, 
 50751, 
 50625, 
 50495, 
 50358, 
 50225, 
 50102, 
 49962, 
 49822, 
 49686, 
 49554, 
 49424, 
 49280, 
 49125, 
 49012, 
 48891, 
 48772, 
 48633, 
 48476, 
 48338, 
 48217, 
 48080, 
 47957, 
 47848, 
 47731, 
 47621, 
 47484, 
 47373, 
 47261, 
 47135, 
 47009, 
 46895, 
 46762, 
 46652, 
 46540, 
 46417, 
 46305, 
 46182, 
 46073, 
 45939, 
 45818, 
 45684, 
 45563, 
 45454, 
 45316, 
 45184, 
 45069, 
 44948, 
 44818, 
 44696, 
 44577, 
 44444, 
 44338, 
 44213, 
 44104, 
 43994, 
 43865, 
 43754, 
 43625, 
 43519, 
 43398, 
 43287, 
 43196, 
 43093, 
 42974, 
 42858, 
 42733, 
 42611, 
 42503, 
 42402, 
 42287, 
 42169, 
 42064, 
 41935, 
 41812, 
 41690, 
 41578, 
 41469, 
 41350, 
 41246, 
 41127, 
 41013, 
 40901, 
 40784, 
 40693, 
 40573, 
 40478, 
 40352, 
 40248, 
 40137, 
 40028, 
 39911, 
 39808, 
 39703, 
 39595, 
 39498, 
 39381, 
 39288, 
 39180, 
 39063, 
 38957, 
 38864, 
 38747, 
 38652, 
 38529, 
 38396, 
 38286, 
 38174, 
 38070, 
 37986, 
 37895, 
 37791, 
 37681, 
 37581, 
 37474, 
 37367, 
 37274, 
 37187, 
 37092, 
 36994, 
 36900, 
 36813, 
 36713, 
 36614, 
 36517, 
 36428, 
 36321, 
 36216, 
 36135, 
 36049, 
 35945, 
 35857, 
 35749, 
 35661, 
 35572, 
 35461, 
 35346, 
 35246, 
 35170, 
 35080, 
 34985, 
 34890, 
 34815, 
 34723, 
 34640, 
 34529, 
 34439, 
 34353, 
 34251, 
 34159, 
 34066, 
 33958, 
 33869, 
 33784, 
 33675, 
 33582, 
 33494, 
 33402, 
 33307, 
 33224, 
 33135, 
 33037, 
 32944, 
 32850, 
 32774, 
 32680, 
 32604, 
 32520, 
 32426, 
 32327, 
 32247, 
 32178, 
 32097, 
 32004, 
 31909, 
 31834, 
 31749, 
 31673, 
 31597, 
 31499, 
 31409, 
 31301, 
 31229, 
 31149, 
 31074, 
 30987, 
 30899, 
 30810, 
 30726, 
 30655, 
 30568, 
 30492, 
 30408, 
 30333, 
 30237, 
 30156, 
 30080, 
 29996, 
 29916, 
 29848, 
 29755, 
 29665, 
 29580, 
 29491, 
 29400, 
 29310, 
 29225, 
 29144, 
 29056, 
 28986, 
 28898, 
 28808, 
 28724, 
 28647, 
 28562, 
 28493, 
 28399, 
 28328, 
 28265, 
 28180, 
 28107, 
 28030, 
 27957, 
 27884, 
 27804, 
 27729, 
 27660, 
 27595, 
 27521, 
 27432, 
 27361, 
 27292, 
 27224, 
 27149, 
 27069, 
 26998, 
 26932, 
 26865, 
 26797, 
 26719, 
 26648, 
 26572, 
 26507, 
 26448, 
 26372, 
 26311, 
 26245, 
 26176, 
 26118, 
 26047, 
 25980, 
 25912, 
 25847, 
 25774, 
 25714, 
 25652, 
 25588, 
 25525, 
 25457, 
 25384, 
 25322, 
 25242, 
 25172, 
 25098, 
 25031, 
 24956, 
 24905, 
 24844, 
 24779, 
 24719, 
 24639, 
 24576, 
 24512, 
 24460, 
 24396, 
 24326, 
 24258, 
 24191, 
 24108, 
 24057, 
 23985, 
 23921, 
 23852, 
 23779, 
 23723, 
 23646, 
 23578, 
 23504, 
 23444, 
 23385, 
 23326, 
 23278, 
 23209, 
 23155, 
 23092, 
 23042, 
 22977, 
 22914, 
 22861, 
 22801, 
 22742, 
 22687, 
 22635, 
 22575, 
 22509, 
 22441, 
 22379, 
 22315, 
 22243, 
 22188, 
 22124, 
 22067, 
 21998, 
 21936, 
 21869, 
 21788, 
 21722, 
 21666, 
 21620, 
 21578, 
 21534, 
 21466, 
 21410, 
 21355, 
 21303, 
 21245, 
 21196, 
 21139, 
 21085, 
 21022, 
 20965, 
 20900, 
 20848, 
 20771, 
 20709, 
 20661, 
 20610, 
 20546, 
 20491, 
 20456, 
 20398, 
 20341, 
 20283, 
 20229, 
 20164, 
 20096, 
 20049, 
 19992, 
 19945, 
 19879, 
 19820, 
 19767, 
 19716, 
 19676, 
 19635, 
 19587, 
 19536, 
 19486, 
 19426, 
 19371, 
 19319, 
 19266, 
 19211, 
 19161, 
 19101, 
 19022, 
 18969, 
 18920, 
 18856, 
 18801, 
 18751, 
 18702, 
 18655, 
 18603, 
 18554, 
 18504, 
 18449, 
 18397, 
 18346, 
 18295, 
 18249, 
 18196, 
 18150, 
 18100, 
 18049, 
 18005, 
 17958, 
 17904, 
 17857, 
 17802, 
 17763, 
 17718, 
 17672, 
 17626, 
 17573, 
 17514, 
 17445, 
 17395, 
 17351, 
 17297, 
 17245, 
 17185, 
 17135, 
 17093, 
 17056, 
 17005, 
 16968, 
 16919, 
 16877, 
 16826, 
 16775, 
 16730, 
 16685, 
 16633, 
 16596, 
 16558, 
 16511, 
 16454, 
 16410, 
 16368, 
 16325, 
 16283, 
 16235, 
 16189, 
 16145, 
 16100, 
 16056, 
 16003, 
 15955, 
 15913, 
 15875, 
 15831, 
 15794, 
 15746, 
 15701, 
 15668, 
 15626, 
 15585, 
 15533, 
 15485, 
 15435, 
 15381, 
 15349, 
 15320, 
 15254, 
 15219, 
 15180, 
 15141, 
 15091, 
 15052, 
 15011, 
 14966, 
 14927, 
 14890, 
 14848, 
 14805, 
 14769, 
 14725, 
 14680, 
 14640, 
 14602, 
 14573, 
 14538, 
 14494, 
 14462, 
 14417, 
 14376, 
 14334, 
 14298, 
 14248, 
 14200, 
 14151, 
 14126, 
 14087, 
 14060, 
 14024, 
 13984, 
 13942, 
 13892, 
 13852, 
 13814, 
 13775, 
 13731, 
 13696, 
 13661, 
 13626, 
 13577, 
 13552, 
 13513, 
 13469, 
 13436, 
 13397, 
 13367, 
 13331, 
 13295, 
 13255, 
 13221, 
 13188, 
 13143, 
 13104, 
 13054, 
 13012, 
 12978, 
 12945, 
 12905, 
 12869, 
 12836, 
 12792, 
 12741, 
 12709, 
 12674, 
 12644, 
 12613, 
 12576, 
 12544, 
 12517, 
 12479, 
 12444, 
 12414, 
 12375, 
 12339, 
 12305, 
 12272, 
 12247, 
 12214, 
 12167, 
 12138, 
 12089, 
 12053, 
 12024, 
 11980, 
 11951, 
 11915, 
 11883, 
 11848, 
 11812, 
 11772, 
 11742, 
 11708, 
 11680, 
 11651, 
 11618, 
 11591, 
 11557, 
 11523, 
 11488, 
 11455, 
 11419, 
 11392, 
 11369, 
 11347, 
 11315, 
 11278, 
 11248, 
 11225, 
 11190, 
 11169, 
 11134, 
 11100, 
 11071, 
 11036, 
 11009, 
 10973, 
 10945, 
 10903, 
 10877, 
 10842, 
 10816, 
 10780, 
 10754, 
 10720, 
 10695, 
 10668, 
 10636, 
 10604, 
 10569, 
 10542, 
 10505, 
 10478, 
 10450, 
 10423, 
 10402, 
 10370, 
 10339, 
 10304, 
 10279, 
 10249, 
 10225, 
 10196, 
 10169, 
 10136, 
 10114, 
 10087, 
 10054, 
 10031, 
 9996, 
 9971, 
 9941, 
 9917, 
 9895, 
 9859, 
 9835, 
 9814, 
 9795, 
 9764, 
 9734, 
 9706, 
 9672, 
 9652, 
 9633, 
 9612, 
 9592, 
 9571, 
 9546, 
 9518, 
 9487, 
 9461, 
 9433, 
 9404, 
 9377, 
 9356, 
 9327, 
 9297, 
 9274, 
 9253, 
 9229, 
 9204, 
 9173, 
 9138, 
 9107, 
 9079, 
 9056, 
 9019, 
 8988, 
 8966, 
 8938, 
 8913, 
 8892, 
 8875, 
 8856, 
 8827, 
 8798, 
 8776, 
 8751, 
 8717, 
 8691, 
 8672, 
 8650, 
 8618, 
 8594, 
 8569, 
 8550, 
 8529, 
 8511, 
 8485, 
 8462, 
 8446, 
 8429, 
 8400, 
 8375, 
 8355, 
 8335, 
 8318, 
 8289, 
 8272, 
 8253, 
 8233, 
 8210, 
 8184, 
 8162, 
 8143, 
 8116, 
 8093, 
 8071, 
 8044, 
 8019, 
 7999, 
 7973, 
 7953, 
 7928, 
 7913, 
 7888, 
 7860, 
 7838, 
 7807, 
 7786, 
 7761, 
 7744, 
 7725, 
 7703, 
 7669, 
 7647, 
 7623, 
 7603, 
 7588, 
 7572, 
 7549, 
 7530, 
 7505, 
 7484, 
 7465, 
 7448, 
 7423, 
 7405, 
 7382, 
 7367, 
 7344, 
 7323, 
 7301, 
 7277, 
 7256, 
 7245, 
 7222, 
 7201, 
 7177, 
 7160, 
 7135, 
 7111, 
 7088, 
 7068, 
 7057, 
 7039, 
 7013, 
 6998, 
 6985, 
 6965, 
 6943, 
 6924, 
 6902, 
 6876, 
 6857, 
 6834, 
 6812, 
 6790, 
 6764, 
 6743, 
 6726, 
 6706, 
 6684, 
 6668, 
 6643, 
 6627, 
 6599, 
 6582, 
 6566, 
 6545, 
 6534, 
 6512, 
 6489, 
 6472, 
 6454, 
 6434, 
 6409, 
 6391, 
 6362, 
 6347, 
 6332, 
 6305, 
 6284, 
 6264, 
 6238, 
 6222, 
 6205, 
 6186, 
 6175, 
 6157, 
 6139, 
 6115, 
 6086, 
 6077, 
 6063, 
 6045, 
 6029, 
 6006, 
 5991, 
 5974, 
 5953, 
 5936, 
 5916, 
 5900, 
 5886, 
 5869, 
 5854, 
 5842, 
 5822, 
 5810, 
 5792, 
 5781, 
 5764, 
 5746, 
 5722, 
 5710, 
 5693, 
 5682, 
 5667, 
 5651, 
 5631, 
 5616, 
 5601, 
 5586, 
 5572, 
 5558, 
 5533, 
 5514, 
 5497, 
 5481, 
 5467, 
 5456, 
 5434, 
 5423, 
 5408, 
 5390, 
 5374, 
 5362, 
 5349, 
 5332, 
 5318, 
 5298, 
 5286, 
 5267, 
 5256, 
 5242, 
 5224, 
 5205, 
 5188, 
 5173, 
 5159, 
 5137, 
 5120, 
 5109, 
 5100, 
 5087, 
 5070, 
 5062, 
 5045, 
 5033, 
 5019, 
 5003, 
 4989, 
 4972, 
 4962, 
 4945, 
 4929, 
 4915, 
 4895, 
 4884, 
 4867, 
 4853, 
 4841, 
 4815, 
 4805, 
 4792, 
 4775, 
 4765, 
 4741, 
 4731, 
 4721, 
 4705, 
 4692, 
 4668, 
 4656, 
 4646, 
 4629, 
 4620, 
 4602, 
 4593, 
 4579, 
 4570, 
 4555, 
 4542, 
 4530, 
 4515, 
 4503, 
 4493, 
 4481, 
 4464, 
 4453, 
 4436, 
 4420, 
 4408, 
 4388, 
 4372, 
 4360, 
 4350, 
 4340, 
 4327, 
 4318, 
 4310, 
 4301, 
 4291, 
 4281, 
 4262, 
 4243, 
 4232, 
 4224, 
 4213, 
 4204, 
 4191, 
 4180, 
 4172, 
 4160, 
 4146, 
 4131, 
 4119, 
 4106, 
 4094, 
 4081, 
 4067, 
 4052, 
 4037, 
 4021, 
 4009, 
 3994, 
 3981, 
 3969, 
 3957, 
 3943, 
 3935, 
 3926, 
 3915, 
 3898, 
 3889, 
 3873, 
 3860, 
 3853, 
 3841, 
 3827, 
 3816, 
 3807, 
 3789, 
 3774, 
 3760, 
 3757, 
 3749, 
 3734, 
 3719, 
 3711, 
 3703, 
 3687, 
 3679, 
 3666, 
 3655, 
 3640, 
 3628, 
 3622, 
 3617, 
 3605, 
 3598, 
 3592, 
 3583, 
 3575, 
 3561, 
 3548, 
 3537, 
 3524, 
 3516, 
 3503, 
 3495, 
 3488, 
 3482, 
 3475, 
 3467, 
 3461, 
 3452, 
 3445, 
 3442, 
 3430, 
 3428, 
 3423, 
 3418, 
 3405, 
 3388, 
 3369, 
 3360, 
 3347, 
 3337, 
 3325, 
 3315, 
 3302, 
 3289, 
 3283, 
 3267, 
 3259, 
 3253, 
 3240, 
 3226, 
 3214, 
 3206, 
 3194, 
 3187, 
 3178, 
 3165, 
 3156, 
 3144, 
 3137, 
 3130, 
 3120, 
 3109, 
 3095, 
 3082, 
 3075, 
 3066, 
 3054, 
 3046, 
 3034, 
 3027, 
 3018, 
 3007, 
 2988, 
 2980, 
 2969, 
 2962, 
 2953, 
 2944, 
 2938, 
 2931, 
 2926, 
 2923, 
 2909, 
 2900, 
 2891, 
 2882, 
 2869, 
 2859, 
 2849, 
 2842, 
 2838, 
 2820, 
 2816, 
 2807, 
 2798, 
 2787, 
 2780, 
 2771, 
 2760, 
 2753, 
 2746, 
 2737, 
 2726, 
 2722, 
 2716, 
 2704, 
 2695, 
 2689, 
 2680, 
 2676, 
 2667, 
 2664, 
 2651, 
 2649, 
 2641, 
 2633, 
 2622, 
 2614, 
 2607, 
 2602, 
 2596, 
 2588, 
 2574, 
 2569, 
 2562, 
 2559, 
 2552, 
 2548, 
 2543, 
 2530, 
 2522, 
 2513, 
 2503, 
 2497, 
 2490, 
 2480, 
 2472, 
 2467, 
 2464, 
 2455, 
 2448, 
 2443, 
 2438, 
 2432, 
 2426, 
 2415, 
 2407, 
 2400, 
 2397, 
 2394, 
 2384, 
 2377, 
 2372, 
 2366, 
 2359, 
 2351, 
 2347, 
 2345, 
 2331, 
 2327, 
 2315, 
 2306, 
 2301, 
 2294, 
 2288, 
 2283, 
 2279, 
 2272, 
 2263, 
 2259, 
 2254, 
 2250, 
 2245, 
 2239, 
 2234, 
 2223, 
 2220, 
 2214, 
 2210, 
 2208, 
 2198, 
 2189, 
 2185, 
 2179, 
 2167, 
 2163, 
 2157, 
 2149, 
 2145, 
 2141, 
 2136, 
 2128, 
 2121, 
 2110, 
 2100, 
 2097, 
 2091, 
 2088, 
 2084, 
 2080, 
 2075, 
 2070, 
 2065, 
 2058, 
 2057, 
 2055, 
 2048, 
 2037, 
 2026, 
 2022, 
 2015, 
 2011, 
 2008, 
 2001, 
 1995, 
 1990, 
 1984, 
 1977, 
 1974, 
 1967, 
 1958, 
 1949, 
 1945, 
 1939, 
 1934, 
 1921, 
 1915, 
 1911, 
 1906, 
 1902, 
 1899, 
 1888, 
 1886, 
 1882, 
 1878, 
 1870, 
 1863, 
 1859, 
 1854, 
 1852, 
 1848, 
 1846, 
 1842, 
 1839, 
 1832, 
 1828, 
 1825, 
 1823, 
 1817, 
 1810, 
 1798, 
 1793, 
 1786, 
 1784, 
 1783, 
 1776, 
 1773, 
 1767, 
 1764, 
 1762, 
 1759, 
 1758, 
 1756, 
 1746, 
 1739, 
 1733, 
 1729, 
 1724, 
 1719, 
 1712, 
 1708, 
 1701, 
 1696, 
 1691, 
 1688, 
 1683, 
 1677, 
 1672, 
 1668, 
 1665, 
 1656, 
 1654, 
 1648, 
 1645, 
 1640, 
 1634, 
 1631, 
 1630, 
 1626, 
 1617, 
 1614, 
 1609, 
 1605, 
 1599, 
 1593, 
 1587, 
 1585, 
 1582, 
 1578, 
 1572, 
 1566, 
 1562, 
 1559, 
 1553, 
 1548, 
 1543, 
 1536, 
 1525, 
 1519, 
 1517, 
 1511, 
 1505, 
 1504, 
 1496, 
 1494, 
 1489, 
 1487, 
 1482, 
 1475, 
 1469, 
 1463, 
 1460, 
 1454, 
 1451, 
 1447, 
 1443, 
 1440, 
 1435, 
 1430, 
 1422, 
 1412, 
 1411, 
 1404, 
 1398, 
 1393, 
 1388, 
 1388, 
 1387, 
 1385, 
 1382, 
 1379, 
 1375, 
 1372, 
 1370, 
 1369, 
 1367, 
 1362, 
 1356, 
 1351, 
 1346, 
 1343, 
 1339, 
 1333, 
 1333, 
 1327, 
 1322, 
 1320, 
 1316, 
 1314, 
 1312, 
 1307, 
 1298, 
 1294, 
 1289, 
 1284, 
 1282, 
 1280, 
 1275, 
 1272, 
 1271, 
 1268, 
 1268, 
 1264, 
 1262, 
 1259, 
 1257, 
 1254, 
 1251, 
 1248, 
 1244, 
 1241, 
 1238, 
 1232, 
 1230, 
 1229, 
 1225, 
 1222, 
 1220, 
 1218, 
 1216, 
 1211, 
 1207, 
 1206, 
 1203, 
 1201, 
 1197, 
 1191, 
 1188, 
 1184, 
 1182, 
 1179, 
 1178, 
 1176, 
 1171, 
 1170, 
 1164, 
 1163, 
 1161, 
 1159, 
 1155, 
 1150, 
 1146, 
 1142, 
 1140, 
 1134, 
 1131, 
 1128, 
 1126, 
 1123, 
 1120, 
 1117, 
 1116, 
 1111, 
 1108, 
 1106, 
 1103, 
 1100, 
 1097, 
 1096, 
 1092, 
 1088, 
 1082, 
 1080, 
 1077, 
 1075, 
 1074, 
 1070, 
 1065, 
 1062, 
 1059, 
 1055, 
 1051, 
 1045, 
 1040, 
 1038, 
 1036, 
 1034, 
 1033, 
 1031, 
 1028, 
 1027, 
 1025, 
 1022, 
 1021, 
 1020, 
 1015, 
 1010, 
 1009, 
 1006, 
 1005, 
 1001, 
 996, 
 995, 
 993, 
 989, 
 987, 
 982, 
 980, 
 977, 
 974, 
 972, 
 969, 
 964, 
 958, 
 958, 
 955, 
 954, 
 950, 
 945, 
 942, 
 938, 
 935, 
 932, 
 930, 
 927, 
 926, 
 923, 
 922, 
 918, 
 915, 
 911, 
 911, 
 909, 
 907, 
 904, 
 903, 
 902, 
 900, 
 899, 
 896, 
 894, 
 893, 
 890, 
 886, 
 884, 
 882, 
 881, 
 881, 
 878, 
 874, 
 873, 
 867, 
 862, 
 859, 
 856, 
 856, 
 853, 
 849, 
 844, 
 842, 
 838, 
 837, 
 836, 
 834, 
 831, 
 828, 
 821, 
 816, 
 812, 
 812, 
 810, 
 809, 
 806, 
 802, 
 799, 
 798, 
 794, 
 792, 
 789, 
 788, 
 786, 
 783, 
 781, 
 776, 
 772, 
 769, 
 765, 
 762, 
 761, 
 755, 
 754, 
 753, 
 749, 
 748, 
 748, 
 745, 
 744, 
 742, 
 742, 
 740, 
 739, 
 737, 
 734, 
 733, 
 732, 
 730, 
 727, 
 723, 
 722, 
 721, 
 719, 
 714, 
 714, 
 710, 
 704, 
 701, 
 700, 
 700, 
 698, 
 696, 
 695, 
 693, 
 692, 
 690, 
 685, 
 682, 
 680, 
 680, 
 678, 
 676, 
 674, 
 673, 
 670, 
 668, 
 663, 
 659, 
 658, 
 657, 
 657, 
 656, 
 655, 
 652, 
 648, 
 645, 
 645, 
 642, 
 641, 
 636, 
 633, 
 633, 
 628, 
 627, 
 625, 
 624, 
 622, 
 619, 
 618, 
 615, 
 610, 
 608, 
 606, 
 606, 
 602, 
 600, 
 598, 
 597, 
 596, 
 595, 
 593, 
 590, 
 589, 
 589, 
 588, 
 584, 
 581, 
 578, 
 576, 
 574, 
 574, 
 573, 
 570, 
 569, 
 565, 
 564, 
 563, 
 558, 
 556, 
 556, 
 555, 
 555, 
 553, 
 552, 
 552, 
 552, 
 551, 
 550, 
 549, 
 548, 
 545, 
 543, 
 541, 
 538, 
 536, 
 534, 
 532, 
 529, 
 528, 
 528, 
 526, 
 526, 
 525, 
 524, 
 521, 
 517, 
 516, 
 514, 
 513, 
 511, 
 510, 
 508, 
 508, 
 508, 
 508, 
 507, 
 507, 
 503, 
 502, 
 502, 
 502, 
 501, 
 498, 
 494, 
 493, 
 488, 
 487, 
 486, 
 485, 
 484, 
 483, 
 483, 
 481, 
 480, 
 479, 
 477, 
 476, 
 473, 
 473, 
 473, 
 472, 
 471, 
 471, 
 470, 
 468, 
 467, 
 466, 
 464, 
 462, 
 461, 
 458, 
 458, 
 455, 
 453, 
 452, 
 450, 
 446, 
 445, 
 445, 
 444, 
 441, 
 440, 
 438, 
 438, 
 437, 
 436, 
 435, 
 434, 
 433, 
 431, 
 428, 
 425, 
 424, 
 423, 
 423, 
 423, 
 422, 
 420, 
 420, 
 418, 
 414, 
 413, 
 413, 
 412, 
 410, 
 406, 
 402, 
 401, 
 398, 
 398, 
 397, 
 397, 
 395, 
 395, 
 395, 
 393, 
 393, 
 391, 
 386, 
 385, 
 385, 
 385, 
 384, 
 380, 
 380, 
 378, 
 377, 
 375, 
 373, 
 372, 
 369, 
 368, 
 367, 
 366, 
 363, 
 361, 
 359, 
 358, 
 354, 
 354, 
 353, 
 352, 
 351, 
 351, 
 351, 
 348, 
 343, 
 341, 
 341, 
 341, 
 340, 
 340, 
 340, 
 338, 
 336, 
 333, 
 332, 
 331, 
 331, 
 330, 
 328, 
 326, 
 326, 
 325, 
 324, 
 322, 
 320, 
 319, 
 319, 
 318, 
 318, 
 318, 
 317, 
 317, 
 315, 
 313, 
 312, 
 311, 
 309, 
 308, 
 308, 
 307, 
 306, 
 305, 
 304, 
 300, 
 299, 
 299, 
 299, 
 298, 
 296, 
 293, 
 290, 
 290, 
 286, 
 285, 
 285, 
 285, 
 284, 
 283, 
 282, 
 281, 
 281, 
 279, 
 279, 
 279, 
 278, 
 278, 
 276, 
 276, 
 274, 
 271, 
 271, 
 270, 
 270, 
 270, 
 268, 
 265, 
 265, 
 263, 
 260, 
 255, 
 255, 
 254, 
 254, 
 253, 
 251, 
 250, 
 249, 
 249, 
 248, 
 244, 
 244, 
 244, 
 243, 
 243, 
 243, 
 241, 
 240, 
 240, 
 238, 
 237, 
 237, 
 237, 
 235, 
 235, 
 235, 
 235, 
 233, 
 233, 
 232, 
 231, 
 230, 
 230, 
 229, 
 228, 
 228, 
 228, 
 225, 
 225, 
 225, 
 224, 
 224, 
 223, 
 221, 
 219, 
 218, 
 218, 
 218, 
 218, 
 218, 
 217, 
 217, 
 215, 
 214, 
 213, 
 211, 
 210, 
 210, 
 208, 
 206, 
 203, 
 202, 
 202, 
 201, 
 199, 
 199, 
 199, 
 199, 
 198, 
 198, 
 197, 
 195, 
 195, 
 195, 
 193, 
 192, 
 191, 
 191, 
 190, 
 189, 
 188, 
 188, 
 188, 
 188, 
 188, 
 187, 
 187, 
 184, 
 184, 
 184, 
 182, 
 181, 
 180, 
 180, 
 180, 
 180, 
 180, 
 180, 
 180, 
 180, 
 180, 
 179, 
 178, 
 178, 
 178, 
 175, 
 175, 
 174, 
 173, 
 168, 
 167, 
 167, 
 166, 
 165, 
 165, 
 164, 
 164, 
 164, 
 162, 
 159, 
 159, 
 159, 
 159, 
 159, 
 157, 
 157, 
 156, 
 155, 
 155, 
 155, 
 154, 
 154, 
 153, 
 153, 
 153, 
 149, 
 149, 
 146, 
 144, 
 144, 
 144, 
 143, 
 142, 
 142, 
 140, 
 139, 
 139, 
 137, 
 137, 
 137, 
 136, 
 134, 
 134, 
 133, 
 133, 
 132, 
 132, 
 131, 
 131, 
 129, 
 127, 
 127, 
 127, 
 127, 
 126, 
 126, 
 125, 
 125, 
 121, 
 121, 
 121, 
 121, 
 120, 
 119, 
 118, 
 118, 
 118, 
 118, 
 116, 
 116, 
 116, 
 114, 
 113, 
 112, 
 111, 
 111, 
 110, 
 110, 
 109, 
 107, 
 107, 
 106, 
 105, 
 104, 
 103, 
 103, 
 102, 
 102, 
 102, 
 100, 
 99, 
 99, 
 99, 
 99, 
 99, 
 99, 
 99, 
 99, 
 97, 
 96, 
 95, 
 95, 
 95, 
 92, 
 92, 
 92, 
 92, 
 90, 
 89, 
 88, 
 88, 
 86, 
 86, 
 84, 
 84, 
 84, 
 83, 
 82, 
 82, 
 82, 
 81, 
 81, 
 81, 
 81, 
 81, 
 80, 
 79, 
 78, 
 78, 
 77, 
 77, 
 77, 
 76, 
 76, 
 76, 
 74, 
 74, 
 73, 
 72, 
 72, 
 72, 
 72, 
 71, 
 69, 
 66, 
 65, 
 64, 
 64, 
 64, 
 63, 
 62, 
 61, 
 59, 
 58, 
 58, 
 58, 
 58, 
 58, 
 58, 
 58, 
 56, 
 56, 
 54, 
 53, 
 53, 
 53, 
 52, 
 51, 
 51, 
 51, 
 51, 
 51, 
 50, 
 50, 
 50, 
 49, 
 49, 
 47, 
 47, 
 47, 
 46, 
 46, 
 45, 
 44, 
 43, 
 43, 
 43, 
 43, 
 43, 
 43, 
 43, 
 43, 
 42, 
 41, 
 41, 
 40, 
 40, 
 40, 
 40, 
 40, 
 39, 
 39, 
 38, 
 38, 
 38, 
 38, 
 37, 
 33, 
 33, 
 33, 
 32, 
 32, 
 32, 
 31, 
 29, 
 28, 
 27, 
 27, 
 26, 
 26, 
 26, 
 25, 
 23, 
 23, 
 23, 
 22, 
 22, 
 22, 
 22, 
 22, 
 21, 
 21, 
 19, 
 19, 
 18, 
 15, 
 14, 
 14, 
 13, 
 13, 
 13, 
 12, 
 11, 
 10, 
 8, 
 8, 
 8, 
 7, 
 6, 
 6, 
 6, 
 4, 
 0, 
 -1
1048576 
 1048576 
 1048576 
 1048576 
 1048576 
 1048576 
 1048576 
 1048576 
 1048576 
 1048576 
 1048576 
 1048576 
 1048576 
 1048576 
 1048576 
 1048576 
 1048576 
 1048576 
 1048576 
 1048576 
 1048576 
 1048576 
 1048576 
 1048576 
 1048576 
 1048576 
 1048576 
 1048576 
 1048576 
 1048576 
 1048576 
 1048576 
 1048576 
 1048576 
 1048576 
 1048576 
 1048576 
 1048576 
 1048576 
 1048576 
 1048576 
 1048576 
 1048576 
 1048576 
 1048576 
 1048576 
 1048576 
 1048576 
 1048576 
 1048576 
 1048576 
 1048576 
 1048576 
 1048576 
 1048576 
 1048576 
 1048576 
 1048576 
 1048576 
 1048576 
 1048576 
 1048576 
 1048576 
 1048576 
 1048576 
 1048576 
 1048576 
 1048576 
 1048576 
 1048576 
 1048576 
 1048576 
 1048576 
 1048576 
 1048576 
 1048576 
 1048576 
 1048576 
 1048576 
 1048576 
 1048576 
 1048576 
 1048576 
 1048576 
 1048576 
 1048576 
 1048576 
 1048576 
 1048576 
 1048576 
 1048576 
 1048576 
 1048576 
 1048576 
 1048576 
 1048576 
 1048576 
 1048576 
 1048576 
 1048576 
 1048576 
 1048576 
 1048576 
 1048576 
 1048576 
 1048576 
 1048576 
 1048576 
 1048576 
 1048576 
 1048576 
 1048576 
 1048576 
 1048576 
 1048576 
 1048576 
 1048576 
 1048576 
 1048576 
 1048576 
 1048576 
 1048576 
 1048576 
 1048576 
 1048576 
 1048576 
 1048576 
 1048576 
 1048576 
 1048576 
 1048576 
 1048576 
 1048576 
 1048576 
 1048576 
 1048576 
 1048576 
 1048576 
 1048576 
 1048576 
 1048576 
 1048576 
 1048576 
 1048576 
 1048576 
 1048576 
 1048576 
 1048576 
 1048576 
 1048576 
 1048576 
 1048576 
 1048576 
 1048576 
 1048576 
 1048576 
 1048576 
 1048576 
 1048576 
 1048576 
 1048576 
 1048576 
 1048576 
 1048576 
 1048576 
 1048576 
 1048576 
 1048576 
 1048576 
 1048576 
 1048576 
 1048576 
 1048576 
 1048576 
 1048576 
 1048576 
 1048576 
 1048576 
 1048576 
 1048576 
 1048576 
 1048576 
 1048576 
 1048576 
 1048576 
 1048576 
 1048576 
 1048576 
 1048576 
 1048576 
 1048576 
 1048576 
 1048576 
 1048576 
 1048576 
 1048576 
 1048576 
 1048576 
 1048576 
 1048576 
 1048576 
 1048576 
 1048576 
 1048576 
 1048576 
 1048576 
 1048576 
 1048576 
 1048576 
 1048576 
 1048576 
 1048576 
 1048576 
 1048576 
 1048576 
 1048576 
 1048576 
 1048576 
 1048576 
 1048576 
 1048576 
 1048576 
 1048576 
 1048576 
 1048576 
 1048576 
 1048576 
 1048576 
 1048576 
 1048576 
 1048576 
 1048576 
 1048576 
 1048576 
 1048576 
 1048576 
 1048576 
 1048576 
 1048576 
 1048576 
 1048576 
 1048576 
 1048576 
 1048576 
 1048576 
 1048576 
 1048576 
 1048576 
 1048576 
 1048576 
 1048576 
 1048576 
 1048576 
 1048576 
 1048576 
 1048576 
 1048576 
 1048576 
 1048576 
 1048576 
 1048576 
 1048576 
 1048576 
 1048576 
 1048576 
 1048576 
 1048576 
 1048576 
 1048576 
 1048576 
 1048576 
 1048576 
 1048576 
 1048576 
 1048576 
 1048576 
 1048576 
 1048576 
 1048576 
 1048576 
 1048576 
 1048576 
 1048576 
 1048576 
 1048576 
 1048576 
 1048576 
 1048576 
 1048576 
 1048576 
 1048576 
 1048576 
 1048576 
 1048576 
 1048576 
 1048576 
 1048576 
 1048576 
 1048576 
 1048576 
 1048576 
 1048576 
 1048576 
 1048576 
 1048576 
 1048576 
 1048576 
 1048576 
 1048576 
 1048576 
 1048576 
 1048576 
 1048576 
 1048576 
 1048576 
 1048576 
 1048576 
 1048576 
 1048576 
 1048576 
 1048576 
 1048576 
 1048576 
 1048576 
 1048576 
 1048576 
 1048576 
 1048576 
 1048576 
 1048576 
 1048576 
 1048576 
 1048576 
 1048576 
 1048576 
 1048576 
 1048576 
 1048576 
 1048576 
 1048576 
 1048576 
 1048576 
 1048576 
 1048576 
 1048576 
 1048576 
 1048576 
 1048576 
 1048576 
 1048576 
 1048576 
 1048576 
 1048576 
 1048576 
 1048576 
 1048576 
 1048576 
 1048576 
 1048576 
 1048576 
 1048576 
 1048576 
 1048576 
 1048576 
 1048576 
 1048576 
 1048576 
 1048576 
 1048576 
 1048576 
 1048576 
 1048576 
 1048576 
 1048576 
 1048576 
 1048576 
 1048576 
 1048576 
 1048576 
 1048576 
 1048576 
 1048576 
 1048576 
 1048576 
 1048576 
 1048576 
 1048576 
 1048576 
 1048576 
 1048576 
 1048576 
 1048576 
 1048576 
 1048576 
 1048576 
 1048576 
 1048576 
 1048576 
 1048576 
 1048576 
 1048576 
 1048576 
 1048576 
 1048576 
 1048576 
 1048576 
 1048576 
 1048576 
 1048576 
 1048576 
 1048576 
 1048576 
 1048576 
 1048576 
 1048576 
 1048576 
 1048576 
 1048576 
 1048576 
 1048576 
 1048576 
 1048576 
 1048576 
 1048576 
 1048576 
 1048576 
 1048576 
 1048576 
 1048576 
 1048576 
 1048576 
 1048576 
 1048576 
 1048576 
 1048576 
 1048576 
 1048576 
 1048576 
 1048576 
 1048576 
 1048576 
 1048576 
 1048576 
 1048576 
 1048576 
 1048576 
 1048576 
 1048576 
 1048576 
 1048576 
 1048576 
 1048576 
 1048576 
 1048576 
 1048576 
 1048576 
 1048576 
 1048576 
 1048576 
 1048576 
 1048576 
 1048576 
 1048576 
 1048576 
 1048576 
 1048576 
 1048576 
 1048576 
 1048576 
 1048576 
 1048576 
 1048576 
 1048576 
 1048576 
 1048576 
 1048576 
 1048576 
 1048576 
 1048576 
 1048576 
 1048576 
 1048576 
 1048576 
 1048576 
 1048576 
 1048576 
 1048576 
 1048576 
 1048576 
 1048576 
 1048576 
 1048576 
 1048576 
 1048576 
 1048576 
 1048576 
 1048576 
 1048576 
 1048576 
 1048576 
 1048576 
 1048576 
 1048576 
 1048576 
 1048576 
 1048576 
 1048576 
 1048576 
 1048576 
 1048576 
 1048576 
 1048576 
 1048576 
 1048576 
 1048576 
 1048576 
 1048576 
 1048576 
 1048576 
 1048576 
 1048576 
 1048576 
 1048576 
 1048576 
 1048576 
 1048576 
 1048576 
 1048576 
 1048576 
 1048576 
 1048576 
 1048576 
 1048576 
 1048576 
 1048576 
 1048576 
 1048576 
 1048576 
 1048576 
 1048576 
 1048576 
 1048576 
 1048576 
 1048576 
 1048576 
 1048576 
 1048576 
 1048576 
 1048576 
 1048576 
 1048576 
 1048576 
 1048576 
 1048576 
 1048576 
 1048576 
 1048576 
 1048576 
 1048576 
 1048576 
 1048576 
 1048576 
 1048576 
 1048576 
 1048576 
 1048576 
 1048576 
 1048576 
 1048576 
 1048576 
 1048576 
 1048576 
 1048576 
 1048576 
 1048576 
 1048576 
 1048576 
 1048576 
 1048576 
 1048576 
 1048576 
 1048576 
 1048576 
 1048576 
 1048576 
 1048576 
 1048576 
 1048576 
 1048576 
 1048576 
 1048576 
 1048576 
 1048576 
 1048576 
 1048576 
 1048576 
 1048576 
 1048576 
 1048576 
 1048576 
 1048576 
 1048576 
 1048576 
 1048576 
 1048576 
 1048576 
 1048576 
 1048576 
 1048576 
 1048576 
 1048576 
 1048576 
 1048576 
 1048576 
 1048576 
 1048576 
 1048576 
 1048576 
 1048576 
 1048576 
 1048576 
 1048576 
 1048576 
 1048576 
 1048576 
 1048576 
 1048576 
 1048576 
 1048576 
 1048576 
 1048576 
 1048576 
 1048576 
 1048576 
 1048576 
 1048576 
 1048576 
 1048576 
 1048576 
 1048576 
 1048576 
 1048576 
 1048576 
 1048576 
 1048576 
 1048576 
 1048576 
 1048576 
 1048576 
 1048576 
 1048576 
 1048576 
 1048576 
 1048576 
 1048576 
 1048576 
 1048576 
 1048576 
 1048576 
 1048576 
 1048576 
 1048576 
 1048576 
 1048576 
 1048576 
 1048576 
 1048576 
 1048576 
 1048576 
 1048576 
 1048576 
 1048576 
 1048576 
 1048576 
 1048576 
 1048576 
 1048576 
 1048576 
 1048576 
 1048576 
 1048576 
 1048576 
 1048576 
 1048576 
 1048576 
 1048576 
 1048576 
 1048576 
 1048576 
 1048576 
 1048576 
 1048576 
 1048576 
 1048576 
 1048576 
 1048576 
 1048576 
 1048576 
 1048576 
 1048576 
 1048576 
 1048576 
 1048576 
 1048576 
 1048576 
 1048576 
 1048576 
 1048576 
 1048576 
 1048576 
 1048576 
 1048576 
 1048576 
 1048576 
 1048576 
 1048576 
 1048576 
 1048576 
 1048576 
 1048576 
 1048576 
 1048576 
 1048576 
 1048576 
 1048576 
 1048576 
 1048576 
 1048576 
 1048576 
 1048576 
 1048576 
 1048576 
 1048576 
 1048576 
 1048576 
 1048576 
 1048576 
 1048576 
 1048576 
 1048576 
 1048576 
 1048576 
 1048576 
 1048576 
 1048576 
 1048576 
 1048576 
 1048576 
 1048576 
 1048576 
 1048576 
 1048576 
 1048576 
 1048576 
 1048576 
 1048576 
 1048576 
 1048576 
 1048576 
 1048576 
 1048576 
 1048576 
 1048576 
 1048576 
 1048576 
 1048576 
 1048576 
 1048576 
 1048576 
 1048576 
 1048576 
 1048576 
 1048576 
 1048576 
 1048576 
 1048576 
 1048576 
 1048576 
 1048576 
 1048576 
 1048576 
 1048576 
 1048576 
 1048576 
 1048576 
 1048576 
 1048576 
 1048576 
 1048576 
 1048576 
 1048576 
 1048576 
 1048576 
 1048576 
 1048576 
 1048576 
 1048576 
 1048576 
 1048576 
 1048576 
 1048576 
 1048576 
 1048576 
 1048576 
 1048576 
 1048576 
 1048576 
 1048576 
 1048576 
 1048576 
 1048576 
 1048576 
 1048576 
 1048576 
 1048576 
 1048576 
 1048576 
 1048576 
 1048576 
 1048576 
 1048576 
 1048576 
 1048576 
 1048576 
 1048576 
 1048576 
 1048576 
 1048576 
 1048576 
 1048576 
 1048576 
 1048576 
 1048576 
 1048576 
 1048576 
 1048576 
 1048576 
 1048576 
 1048576 
 1048576 
 1048576 
 1048576 
 1048576 
 1048576 
 1048576 
 1048576 
 1048576 
 1048576 
 1048576 
 1048576 
 1048576 
 1048576 
 1048576 
 1048576 
 1048576 
 1048576 
 1048576 
 1048576 
 1048576 
 1048576 
 1048576 
 1048576 
 1048576 
 1048576 
 1048576 
 1048576 
 1048576 
 1048576 
 1048576 
 1048576 
 1048576 
 1048576 
 1048576 
 1048576 
 1048576 
 1048576 
 1048576 
 1048576 
 1048576 
 1048576 
 1048576 
 1048576 
 1048576 
 1048576 
 1048576 
 1048576 
 1048576 
 1048576 
 1048576 
 1048576 
 1048576 
 1048576 
 1048576 
 1048576 
 1048576 
 1048576 
 1048576 
 1048576 
 1048576 
 1048576 
 1048576 
 1048576 
 1048576 
 1048576 
 1048576 
 1048576 
 1048576 
 1048576 
 1048576 
 1048576 
 1048576 
 1048576 
 1048576 
 1048576 
 1048576 
 1048576 
 1048576 
 1048576 
 1048576 
 1048576 
 1048576 
 1048576 
 1048576 
 1048576 
 1048576 
 1048576 
 1048576 
 1048576 
 1048576 
 1048576 
 1048576 
 1048576 
 1048576 
 1048576 
 1048576 
 1048576 
 1048576 
 1048576 
 1048576 
 1048576 
 1048576 
 1048576 
 1048576 
 1048576 
 1048576 
 1048576 
 1048576 
 1048576 
 1048576 
 1048576 
 1048576 
 1048576 
 1048576 
 1048576 
 1048576 
 1048576 
 1048576 
 1048576 
 1048576 
 1048576 
 1048576 
 1048576 
 1048576 
 1048576 
 1048576 
 1048576 
 1048576 
 1048576 
 1048576 
 1048576 
 1048576 
 1048576 
 1048576 
 1048576 
 1048576 
 1048576 
 1048576 
 1048576 
 1048576 
 1048576 
 1048576 
 1048576 
 1048576 
 1048576 
 1048576 
 1048576 
 1048576 
 1048576 
 1048576 
 1048576 
 1048576 
 1048576 
 1048576 
 1048576 
 1048576 
 1048576 
 1048576 
 1048576 
 1048576 
 1048576 
 1048576 
 1048576 
 1048576 
 1048576 
 1048576 
 1048576 
 1048576 
 1048576 
 1048576 
 1048576 
 1048576 
 1048576 
 1048576 
 1048576 
 1048576 
 1048576 
 1048576 
 1048576 
 1048576 
 1048576 
 1048576 
 1048576 
 1048576 
 1048576 
 1048576 
 1048576 
 1048576 
 1048576 
 1048576 
 1048576 
 1048576 
 1048576 
 1048576 
 1048576 
 1048576 
 1048576 
 1048576 
 1048576 
 1048576 
 1048576 
 1048576 
 1048576 
 1048576 
 1048576 
 1048576 
 1048576 
 1048576 
 1048576 
 1048576 
 1048576 
 1048576 
 1048576 
 1048576 
 1048576 
 1048576 
 1048576 
 1048576 
 1048576 
 1048576 
 1048576 
 1048576 
 1048576 
 1048576 
 1048576 
 1048576 
 1048576 
 1048576 
 1048576 
 1048576 
 1048576 
 1048576 
 1048576 
 1048576 
 1048576 
 1048576 
 1048576 
 1048576 
 1048576 
 1048576 
 1048576 
 1048576 
 1048576 
 1048576 
 1048576 
 1048576 
 1048576 
 1048576 
 1048576 
 1048576 
 1048576 
 1048576 
 1048576 
 1048576 
 1048576 
 1048576 
 1048576 
 1048576 
 1048576 
 1048576 
 1048576 
 1048576 
 1048576 
 1048576 
 1048576 
 1048576 
 1048576 
 1048576 
 1048576 
 1048576 
 1048576 
 1048576 
 1048576 
 1048576 
 1048576 
 1048576 
 1048576 
 1048576 
 1048576 
 1048576 
 1048576 
 1048576 
 1048576 
 1048576 
 1048576 
 1048576 
 1048576 
 1048576 
 1048576 
 1048576 
 1048576 
 1048576 
 1048576 
 1048576 
 1048576 
 1048576 
 1048576 
 1048576 
 1048576 
 1048576 
 1048576 
 1048576 
 1048576 
 1048576 
 1048576 
 1048576 
 1048576 
 1048576 
 1048576 
 1048576 
 1048576 
 1048576 
 1048576 
 1048576 
 1048576 
 1048576 
 1048576 
 1048576 
 1048576 
 1048576 
 1048576 
 1048576 
 1048576 
 1048576 
 1048576 
 1048576 
 1048576 
 1048576 
 1048576 
 1048576 
 1048576 
 1048576 
 1048576 
 1048576 
 1048576 
 1048576 
 1048576 
 1048576 
 1048576 
 1048576 
 1048576 
 1048576 
 1048576 
 1048576 
 1048576 
 1048576 
 1048576 
 1048576 
 1048576 
 1048576 
 1048576 
 1048576 
 1048576 
 1048576 
 1048576 
 1048576 
 1048576 
 1048576 
 1048576 
 1048576 
 1048576 
 1048576 
 1048576 
 1048576 
 1048576 
 1048576 
 1048576 
 1048576 
 1048576 
 1048576 
 1048576 
 1048576 
 1048576 
 1048576 
 1048576 
 1048576 
 1048576 
 1048576 
 1048576 
 1048576 
 1048576 
 1048576 
 1048576 
 1048576 
 1048576 
 1048576 
 1048576 
 1048576 
 1048576 
 1048576 
 1048576 
 1048576 
 1048576 
 1048576 
 1048576 
 1048576 
 1048576 
 1048576 
 1048576 
 1048576 
 1048576 
 1048576 
 1048576 
 1048576 
 1048576 
 1048576 
 1048576 
 1048576 
 1048576 
 1048576 
 1048576 
 1048576 
 1048576 
 1048576 
 1048576 
 1048576 
 1048576 
 1048576 
 1048576 
 1048576 
 1048576 
 1048576 
 1048576 
 1048576 
 1048576 
 1048576 
 1048576 
 1048576 
 1048576 
 1048576 
 1048576 
 1048576 
 1048576 
 1048576 
 1048576 
 1048576 
 1048576 
 1048576 
 1048576 
 1048576 
 1048576 
 1048576 
 1048576 
 1048576 
 1048576 
 1048576 
 1048576 
 1048576 
 1048576 
 1048576 
 1048576 
 1048576 
 1048576 
 1048576 
 1048576 
 1048576 
 1048576 
 1048576 
 1048576 
 1048576 
 1048576 
 1048576 
 1048576 
 1048576 
 1048576 
 1048576 
 1048576 
 1048576 
 1048576 
 1048576 
 1048576 
 1048576 
 1048576 
 1048576 
 1048576 
 1048576 
 1048576 
 1048576 
 1048576 
 1048576 
 1048576 
 1048576 
 1048576 
 1048576 
 1048576 
 1048576 
 1048576 
 1048576 
 1048576 
 1048576 
 1048576 
 1048576 
 1048576 
 1048576 
 1048576 
 1048576 
 1048576 
 1048576 
 1048576 
 1048576 
 1048576 
 1048576 
 1048576 
 1048576 
 1048576 
 1048576 
 1048576 
 1048576 
 1048576 
 1048576 
 1048576 
 1048576 
 1048576 
 1048576 
 1048576 
 1048576 
 1048576 
 1048576 
 1048576 
 1048576 
 1048576 
 1048576 
 1048576 
 1048576 
 1048576 
 1048576 
 1048576 
 1048576 
 1048576 
 1048576 
 1048576 
 1048576 
 1048576 
 1048576 
 1048576 
 1048576 
 1048576 
 1048576 
 1048576 
 1048576 
 1048576 
 1048576 
 1048576 
 1048576 
 1048576 
 1048576 
 1048576 
 1048576 
 1048576 
 1048576 
 1048576 
 1048576 
 1048576 
 1048576 
 1048576 
 1048576 
 1048576 
 1048576 
 1048576 
 1048576 
 1048576 
 1048576 
 1048576 
 1048576 
 1048576 
 1048576 
 1048576 
 1048576 
 1048576 
 1048576 
 1048576 
 1048576 
 1048576 
 1048576 
 1048576 
 1048576 
 1048576 
 1048576 
 1048576 
 1048576 
 1048576 
 1048576 
 1048576 
 1048576 
 1048576 
 1048576 
 1048576 
 1048576 
 1048576 
 1048576 
 1048576 
 1048576 
 1048576 
 1048576 
 1048576 
 1048576 
 1048576 
 1048576 
 1048576 
 1048576 
 1048576 
 1048576 
 1048576 
 1048576 
 1048576 
 1048576 
 1048576 
 1048576 
 1048576 
 1048576 
 1048576 
 1048576 
 1048576 
 1048576 
 1048576 
 1048576 
 1048576 
 1048576 
 1048576 
 1048576 
 1048576 
 1048576 
 1048576 
 1048576 
 1048576 
 1048576 
 1048576 
 1048576 
 1048576 
 1048576 
 1048576 
 1048576 
 1048576 
 1048576 
 1048576 
 1048576 
 1048576 
 1048576 
 1048576 
 1048576 
 1048576 
 1048576 
 1048576 
 1048576 
 1048576 
 1048576 
 1048576 
 1048576 
 1048576 
 1048576 
 1048576 
 1048576 
 1048576 
 1048576 
 1048576 
 1048576 
 1048576 
 1048576 
 1048576 
 1048576 
 1048576 
 1048576 
 1048576 
 1048576 
 1048576 
 1048576 
 1048576 
 1048576 
 1048576 
 1048576 
 1048576 
 1048576 
 1048576 
 1048576 
 1048576 
 1048576 
 1048576 
 1048576 
 1048576 
 1048576 
 1048576 
 1048576 
 1048576 
 1048576 
 1048576 
 1048576 
 1048576 
 1048576 
 1048576 
 1048576 
 1048576 
 1048576 
 1048576 
 1048576 
 1048576 
 1048576 
 1048576 
 1048576 
 1048576 
 1048576 
 1048576 
 1048576 
 1048576 
 1048576 
 1048576 
 1048576 
 1048576 
 1048576 
 1048576 
 1048576 
 1048576 
 1048576 
 1048576 
 1048576 
 1048576 
 1048576 
 1048576 
 1048576 
 1048576 
 1048576 
 1048576 
 1048576 
 1048576 
 1048576 
 1048576 
 1048576 
 1048576 
 1048576 
 1048576 
 1048576 
 1048576 
 1048576 
 1048576 
 1048576 
 1048576 
 1048576 
 1048576 
 1048576 
 1048576 
 1048576 
 1048576 
 1048576 
 1048576 
 1048576 
 1048576 
 1048576 
 1048576 
 1048576 
 1048576 
 1048576 
 1048576 
 1048576 
 1048576 
 1048576 
 1048576 
 1048576 
 1048576 
 1048576 
 1048576 
 1048576 
 1048576 
 1048576 
 1048576 
 1048576 
 1048576 
 1048576 
 1048576 
 1048576 
 1048576 
 1048576 
 1048576 
 1048576 
 1048576 
 1048576 
 1048576 
 1048576 
 1048576 
 1048576 
 1048576 
 1048576 
 1048576 
 1048576 
 1048576 
 1048576 
 1048576 
 1048576 
 1048576 
 1048576 
 1048576 
 1048576 
 1048576 
 1048576 
 1048576 
 1048576 
 1048576 
 1048576 
 1048576 
 1048576 
 1048576 
 1048576 
 1048576 
 1048576 
 1048576 
 1048576 
 1048576 
 1048576 
 1048576 
 1048576 
 1048576 
 1048576 
 1048576 
 1048576 
 1048576 
 1048576 
 1048576 
 1048576 
 1048576 
 1048576 
 1048576 
 1048576 
 1048576 
 1048576 
 1048576 
 1048576 
 1048576 
 1048576 
 1048576 
 1048576 
 1048576 
 1048576 
 1048576 
 1048576 
 1048576 
 1048576 
 1048576 
 1048576 
 1048576 
 1048576 
 1048576 
 1048576 
 1048576 
 1048576 
 1048576 
 1048576 
 1048576 
 1048576 
 1048576 
 1048576 
 1048576 
 1048576 
 1048576 
 1048576 
 1048576 
 1048576 
 1048576 
 1048576 
 1048576 
 1048576 
 1048576 
 1048576 
 1048576 
 1048576 
 1048576 
 1048576 
 1048576 
 1048576 
 1048576 
 1048576 
 1048576 
 1048576 
 1048576 
 1048576 
 1048576 
 1048576 
 1048576 
 1048576 
 1048576 
 1048576 
 1048576 
 1048576 
 1048576 
 1048576 
 1048576 
 1048576 
 1048576 
 1048576 
 1048576 
 1048576 
 1048576 
 1048576 
 1048576 
 1048576 
 1048576 
 1048576 
 1048576 
 1048576 
 1048576 
 1048576 
 1048576 
 1048576 
 1048576 
 1048576 
 1048576 
 1048576 
 1048576 
 1048576 
 1048576 
 1048576 
 1048576 
 1048576 
 1048576 
 1048576 
 1048576 
 1048576 
 1048576 
 1048576 
 1048576 
 1048576 
 1048576 
 1048576 
 1048576 
 1048576 
 1048576 
 1048576 
 1048576 
 1048576 
 1048576 
 1048576 
 1048576 
 1048576 
 1048576 
 1048576 
 1048576 
 1048576 
 1048575 
 1048575 
 1048575 
 1048575 
 1048575 
 1048575 
 1048575 
 1048575 
 1048575 
 1048575 
 1048575 
 1048575 
 1048575 
 1048575 
 1048575 
 1048575 
 1048575 
 1048575 
 1048575 
 1048575 
 1048575 
 1048575 
 1048575 
 1048575 
 1048575 
 1048575 
 1048575 
 1048575 
 1048575 
 1048575 
 1048575 
 1048575 
 1048575 
 1048575 
 1048575 
 1048575 
 1048575 
 1048575 
 1048575 
 1048575 
 1048575 
 1048575 
 1048575 
 1048575 
 1048575 
 1048575 
 1048575 
 1048575 
 1048575 
 1048575 
 1048575 
 1048575 
 1048575 
 1048575 
 1048575 
 1048575 
 1048575 
 1048575 
 1048575 
 1048575 
 1048575 
 1048575 
 1048575 
 1048575 
 1048575 
 1048575 
 1048575 
 1048575 
 1048575 
 1048575 
 1048575 
 1048575 
 1048575 
 1048575 
 1048575 
 1048575 
 1048575 
 1048575 
 1048575 
 1048575 
 1048575 
 1048575 
 1048575 
 1048575 
 1048575 
 1048575 
 1048575 
 1048575 
 1048575 
 1048575 
 1048575 
 1048575 
 1048575 
 1048575 
 1048575 
 1048575 
 1048575 
 1048575 
 1048575 
 1048575 
 1048575 
 1048575 
 1048575 
 1048575 
 1048575 
 1048575 
 1048575 
 1048575 
 1048575 
 1048575 
 1048575 
 1048575 
 1048575 
 1048575 
 1048575 
 1048575 
 1048575 
 1048575 
 1048575 
 1048575 
 1048574 
 1048574 
 1048574 
 1048574 
 1048574 
 1048574 
 1048574 
 1048574 
 1048574 
 1048574 
 1048574 
 1048574 
 1048574 
 1048574 
 1048574 
 1048574 
 1048574 
 1048574 
 1048574 
 1048574 
 1048574 
 1048573 
 1048573 
 1048573 
 1048573 
 1048573 
 1048573 
 1048573 
 1048573 
 1048573 
 1048573 
 1048573 
 1048573 
 1048573 
 1048573 
 1048573 
 1048573 
 1048573 
 1048573 
 1048573 
 1048573 
 1048573 
 1048573 
 1048573 
 1048573 
 1048573 
 1048573 
 1048573 
 1048573 
 1048573 
 1048573 
 1048573 
 1048573 
 1048573 
 1048573 
 1048573 
 1048573 
 1048573 
 1048573 
 1048573 
 1048573 
 1048573 
 1048573 
 1048573 
 1048573 
 1048573 
 1048573 
 1048573 
 1048573 
 1048573 
 1048573 
 1048573 
 1048573 
 1048573 
 1048573 
 1048573 
 1048573 
 1048573 
 1048573 
 1048573 
 1048573 
 1048573 
 1048573 
 1048573 
 1048573 
 1048573 
 1048573 
 1048573 
 1048573 
 1048573 
 1048573 
 1048573 
 1048573 
 1048573 
 1048573 
 1048573 
 1048573 
 1048573 
 1048573 
 1048573 
 1048573 
 1048573 
 1048573 
 1048573 
 1048573 
 1048573 
 1048573 
 1048573 
 1048573 
 1048573 
 1048573 
 1048573 
 1048573 
 1048573 
 1048573 
 1048573 
 1048573 
 1048573 
 1048573 
 1048573 
 1048573 
 1048573 
 1048573 
 1048573 
 1048573 
 1048573 
 1048573 
 1048573 
 1048573 
 1048573 
 1048573 
 1048573 
 1048573 
 1048573 
 1048573 
 1048573 
 1048573 
 1048573 
 1048573 
 1048572 
 1048572 
 1048572 
 1048572 
 1048571 
 1048571 
 1048571 
 1048571 
 1048571 
 1048571 
 1048571 
 1048571 
 1048571 
 1048569 
 1048558 
 1048558 
 1048558 
 1048558 
 1048558 
 1048558 
 1048558 
 1048558 
 1048558 
 1048558 
 1048558 
 1048558 
 1048558 
 1048558 
 1048558 
 1048558 
 1048558 
 1048558 
 1048558 
 1048558 
 1048558 
 1048558 
 1048558 
 1048558 
 1048558 
 1048558 
 1048558 
 1048558 
 1048558 
 1048558 
 1048558 
 1048558 
 1048558 
 1048558 
 1048558 
 1048558 
 1048558 
 1048558 
 1048558 
 1048558 
 1048558 
 1048558 
 1048558 
 1048558 
 1048558 
 1048558 
 1048558 
 1048558 
 1048558 
 1048558 
 1048558 
 1048558 
 1048558 
 1048558 
 1048558 
 1048558 
 1048558 
 1048558 
 1048558 
 1048558 
 1048558 
 1048558 
 1048558 
 1048558 
 1048558 
 1048558 
 1048558 
 1048558 
 1048558 
 1048558 
 1048558 
 1048558 
 1048558 
 1048558 
 1048558 
 1048558 
 1048558 
 1048558 
 1048558 
 1048558 
 1048558 
 1048558 
 1048558 
 1048558 
 1048558 
 1048558 
 1048558 
 1048558 
 1048558 
 1048558 
 1048558 
 1048558 
 1048558 
 1048558 
 1048558 
 1048558 
 1048558 
 1048558 
 1048558 
 1048558 
 1048558 
 1048558 
 1048558 
 1048558 
 1048558 
 1048558 
 1048558 
 1048558 
 1048558 
 1048558 
 1048558 
 1048558 
 1048558 
 1048558 
 1048558 
 1048558 
 1048558 
 1048558 
 1048558 
 1048558 
 1048558 
 1048558 
 1048558 
 1048558 
 1048558 
 1048558 
 1048558 
 1048558 
 1048558 
 1048558 
 1048558 
 1048558 
 1048558 
 1048558 
 1048558 
 1048558 
 1048558 
 1048558 
 1048558 
 1048558 
 1048558 
 1048558 
 1048558 
 1048558 
 1048558 
 1048558 
 1048558 
 1048558 
 1048558 
 1048558 
 1048558 
 1048558 
 1048558 
 1048558 
 1048558 
 1048558 
 1048558 
 1048558 
 1048558 
 1048558 
 1048558 
 1048558 
 1048558 
 1048558 
 1048558 
 1048558 
 1048558 
 1048558 
 1048558 
 1048558 
 1048558 
 1048558 
 1048558 
 1048558 
 1048558 
 1048558 
 1048558 
 1048558 
 1048558 
 1048558 
 1048558 
 1048558 
 1048558 
 1048558 
 1048558 
 1048558 
 1048558 
 1048558 
 1048558 
 1048558 
 1048558 
 1048558 
 1048558 
 1048558 
 1048558 
 1048558 
 1048558 
 1048558 
 1048558 
 1048558 
 1048558 
 1048558 
 1048558 
 1048558 
 1048558 
 1048558 
 1048558 
 1048558 
 1048558 
 1048558 
 1048558 
 1048558 
 1048558 
 1048558 
 1048558 
 1048558 
 1048558 
 1048558 
 1048558 
 1048558 
 1048558 
 1048558 
 1048558 
 1048558 
 1048558 
 1048558 
 1048558 
 1048558 
 1048558 
 1048558 
 1048558 
 1048558 
 1048558 
 1048558 
 1048558 
 1048558 
 1048558 
 1048558 
 1048558 
 1048558 
 1048558 
 1048558 
 1048558 
 1048558 
 1048558 
 1048558 
 1048558 
 1048558 
 1048558 
 1048558 
 1048558 
 1048558 
 1048558 
 1048558 
 1048558 
 1048558 
 1048558 
 1048558 
 1048558 
 1048558 
 1048558 
 1048558 
 1048558 
 1048558 
 1048558 
 1048558 
 1048558 
 1048558 
 1048558 
 1048558 
 1048558 
 1048558 
 1048558 
 1048558 
 1048558 
 1048558 
 1048558 
 1048558 
 1048558 
 1048558 
 1048558 
 1048558 
 1048558 
 1048558 
 1048558 
 1048558 
 1048558 
 1048558 
 1048558 
 1048558 
 1048558 
 1048558 
 1048558 
 1048558 
 1048558 
 1048558 
 1048558 
 1048558 
 1048558 
 1048558 
 1048558 
 1048558 
 1048558 
 1048557 
 1048557 
 1048557 
 1048557 
 1048557 
 1048557 
 1048557 
 1048557 
 1048557 
 1048557 
 1048557 
 1048557 
 1048557 
 1048557 
 1048557 
 1048557 
 1048557 
 1048557 
 1048557 
 1048557 
 1048557 
 1048556 
 1048556 
 1048556 
 1048556 
 1048556 
 1048556 
 1048556 
 1048556 
 1048556 
 1048556 
 1048556 
 1048556 
 1048556 
 1048556 
 1048556 
 1048556 
 1048556 
 1048556 
 1048556 
 1048556 
 1048556 
 1048556 
 1048556 
 1048556 
 1048556 
 1048556 
 1048556 
 1048556 
 1048556 
 1048556 
 1048556 
 1048556 
 1048556 
 1048556 
 1048556 
 1048556 
 1048556 
 1048556 
 1048556 
 1048556 
 1048555 
 1048555 
 1048555 
 1048555 
 1048555 
 1048555 
 1048555 
 1048555 
 1048555 
 1048555 
 1048555 
 1048555 
 1048555 
 1048555 
 1048555 
 1048555 
 1048555 
 1048555 
 1048555 
 1048555 
 1048555 
 1048555 
 1048555 
 1048555 
 1048555 
 1048555 
 1048555 
 1048555 
 1048555 
 1048555 
 1048555 
 1048555 
 1048555 
 1048555 
 1048555 
 1048555 
 1048555 
 1048555 
 1048555 
 1048555 
 1048555 
 1048555 
 1048554 
 1048554 
 1048554 
 1048554 
 1048554 
 1048554 
 1048554 
 1048554 
 1048554 
 1048554 
 1048554 
 1048554 
 1048554 
 1048554 
 1048554 
 1048554 
 1048554 
 1048554 
 1048554 
 1048554 
 1048554 
 1048554 
 1048554 
 1048554 
 1048554 
 1048554 
 1048554 
 1048554 
 1048554 
 1048554 
 1048554 
 1048554 
 1048554 
 1048554 
 1048554 
 1048554 
 1048554 
 1048554 
 1048554 
 1048554 
 1048554 
 1048554 
 1048554 
 1048554 
 1048554 
 1048554 
 1048554 
 1048554 
 1048554 
 1048554 
 1048554 
 1048554 
 1048554 
 1048554 
 1048554 
 1048554 
 1048554 
 1048554 
 1048554 
 1048553 
 1048553 
 1048553 
 1048553 
 1048553 
 1048553 
 1048553 
 1048553 
 1048553 
 1048553 
 1048553 
 1048553 
 1048553 
 1048553 
 1048553 
 1048553 
 1048553 
 1048553 
 1048553 
 1048553 
 1048553 
 1048552 
 1048552 
 1048552 
 1048552 
 1048552 
 1048552 
 1048552 
 1048552 
 1048552 
 1048552 
 1048552 
 1048552 
 1048552 
 1048552 
 1048552 
 1048552 
 1048552 
 1048552 
 1048552 
 1048552 
 1048552 
 1048552 
 1048552 
 1048552 
 1048552 
 1048551 
 1048551 
 1048551 
 1048551 
 1048551 
 1048551 
 1048551 
 1048551 
 1048551 
 1048551 
 1048551 
 1048551 
 1048551 
 1048551 
 1048551 
 1048551 
 1048551 
 1048551 
 1048551 
 1048551 
 1048551 
 1048550 
 1048550 
 1048550 
 1048550 
 1048550 
 1048550 
 1048550 
 1048550 
 1048550 
 1048550 
 1048550 
 1048550 
 1048550 
 1048549 
 1048549 
 1048549 
 1048549 
 1048549 
 1048549 
 1048549 
 1048549 
 1048548 
 1048548 
 1048548 
 1048548 
 1048548 
 1048548 
 1048548 
 1048548 
 1048548 
 1048548 
 1048548 
 1048548 
 1048548 
 1048548 
 1048548 
 1048548 
 1048548 
 1048548 
 1048548 
 1048548 
 1048548 
 1048548 
 1048548 
 1048548 
 1048548 
 1048548 
 1048548 
 1048548 
 1048548 
 1048548 
 1048548 
 1048548 
 1048548 
 1048548 
 1048548 
 1048548 
 1048548 
 1048548 
 1048548 
 1048548 
 1048548 
 1048548 
 1048548 
 1048548 
 1048548 
 1048548 
 1048548 
 1048548 
 1048548 
 1048548 
 1048548 
 1048548 
 1048548 
 1048548 
 1048548 
 1048547 
 1048547 
 1048547 
 1048547 
 1048547 
 1048547 
 1048547 
 1048547 
 1048547 
 1048547 
 1048547 
 1048547 
 1048547 
 1048547 
 1048547 
 1048547 
 1048547 
 1048547 
 1048547 
 1048547 
 1048547 
 1048547 
 1048547 
 1048547 
 1048547 
 1048547 
 1048547 
 1048547 
 1048546 
 1048546 
 1048546 
 1048546 
 1048546 
 1048546 
 1048546 
 1048546 
 1048545 
 1048545 
 1048545 
 1048544 
 1048544 
 1048544 
 1048544 
 1048544 
 1048544 
 1048544 
 1048544 
 1048544 
 1048544 
 1048544 
 1048544 
 1048544 
 1048544 
 1048544 
 1048544 
 1048544 
 1048544 
 1048544 
 1048544 
 1048544 
 1048544 
 1048543 
 1048543 
 1048543 
 1048543 
 1048543 
 1048543 
 1048543 
 1048543 
 1048543 
 1048543 
 1048543 
 1048543 
 1048543 
 1048542 
 1048542 
 1048542 
 1048542 
 1048542 
 1048542 
 1048542 
 1048542 
 1048542 
 1048542 
 1048542 
 1048542 
 1048542 
 1048542 
 1048542 
 1048542 
 1048542 
 1048542 
 1048542 
 1048542 
 1048542 
 1048542 
 1048542 
 1048541 
 1048541 
 1048541 
 1048541 
 1048540 
 1048540 
 1048540 
 1048540 
 1048540 
 1048540 
 1048540 
 1048540 
 1048540 
 1048540 
 1048540 
 1048540 
 1048540 
 1048540 
 1048540 
 1048540 
 1048540 
 1048540 
 1048540 
 1048540 
 1048540 
 1048540 
 1048540 
 1048540 
 1048540 
 1048539 
 1048539 
 1048538 
 1048538 
 1048538 
 1048538 
 1048537 
 1048537 
 1048537 
 1048537 
 1048537 
 1048537 
 1048537 
 1048537 
 1048537 
 1048537 
 1048537 
 1048537 
 1048537 
 1048536 
 1048536 
 1048536 
 1048536 
 1048535 
 1048534 
 1048534 
 1048534 
 1048534 
 1048533 
 1048533 
 1048533 
 1048533 
 1048533 
 1048533 
 1048533 
 1048533 
 1048533 
 1048533 
 1048533 
 1048533 
 1048533 
 1048533 
 1048533 
 1048533 
 1048533 
 1048533 
 1048533 
 1048533 
 1048533 
 1048533 
 1048533 
 1048533 
 1048532 
 1048531 
 1048531 
 1048531 
 1048530 
 1048530 
 1048530 
 1048530 
 1048530 
 1048530 
 1048530 
 1048529 
 1048529 
 1048529 
 1048529 
 1048529 
 1048529 
 1048529 
 1048529 
 1048529 
 1048529 
 1048528 
 1048528 
 1048528 
 1048528 
 1048528 
 1048528 
 1048528 
 1048528 
 1048528 
 1048527 
 1048527 
 1048526 
 1048526 
 1048526 
 1048526 
 1048526 
 1048526 
 1048526 
 1048526 
 1048526 
 1048526 
 1048526 
 1048526 
 1048526 
 1048526 
 1048526 
 1048525 
 1048524 
 1048524 
 1048524 
 1048524 
 1048524 
 1048524 
 1048524 
 1048524 
 1048524 
 1048524 
 1048524 
 1048524 
 1048524 
 1048524 
 1048524 
 1048524 
 1048524 
 1048523 
 1048523 
 1048523 
 1048523 
 1048523 
 1048522 
 1048522 
 1048522 
 1048522 
 1048522 
 1048522 
 1048522 
 1048522 
 1048521 
 1048521 
 1048521 
 1048521 
 1048521 
 1048521 
 1048521 
 1048521 
 1048521 
 1048521 
 1048521 
 1048521 
 1048521 
 1048521 
 1048520 
 1048520 
 1048520 
 1048520 
 1048520 
 1048520 
 1048519 
 1048519 
 1048517 
 1048517 
 1048517 
 1048516 
 1048516 
 1048516 
 1048516 
 1048516 
 1048516 
 1048516 
 1048516 
 1048515 
 1048515 
 1048514 
 1048513 
 1048512 
 1048512 
 1048512 
 1048512 
 1048511 
 1048510 
 1048510 
 1048510 
 1048510 
 1048510 
 1048510 
 1048510 
 1048510 
 1048510 
 1048510 
 1048510 
 1048510 
 1048510 
 1048510 
 1048510 
 1048510 
 1048509 
 1048509 
 1048509 
 1048509 
 1048509 
 1048509 
 1048509 
 1048509 
 1048509 
 1048509 
 1048509 
 1048509 
 1048509 
 1048509 
 1048509 
 1048509 
 1048509 
 1048509 
 1048509 
 1048509 
 1048509 
 1048509 
 1048509 
 1048509 
 1048509 
 1048509 
 1048509 
 1048509 
 1048509 
 1048509 
 1048509 
 1048509 
 1048509 
 1048509 
 1048509 
 1048509 
 1048509 
 1048509 
 1048509 
 1048509 
 1048509 
 1048509 
 1048509 
 1048509 
 1048509 
 1048509 
 1048509 
 1048509 
 1048508 
 1048508 
 1048508 
 1048508 
 1048507 
 1048507 
 1048507 
 1048507 
 1048507 
 1048507 
 1048507 
 1048507 
 1048507 
 1048506 
 1048505 
 1048505 
 1048505 
 1048505 
 1048505 
 1048505 
 1048505 
 1048504 
 1048504 
 1048504 
 1048504 
 1048504 
 1048504 
 1048504 
 1048504 
 1048504 
 1048504 
 1048504 
 1048503 
 1048502 
 1048502 
 1048502 
 1048502 
 1048502 
 1048502 
 1048502 
 1048502 
 1048502 
 1048502 
 1048502 
 1048502 
 1048502 
 1048502 
 1048502 
 1048502 
 1048502 
 1048502 
 1048502 
 1048502 
 1048502 
 1048502 
 1048502 
 1048502 
 1048502 
 1048502 
 1048502 
 1048502 
 1048501 
 1048501 
 1048501 
 1048501 
 1048501 
 1048501 
 1048501 
 1048501 
 1048501 
 1048501 
 1048501 
 1048501 
 1048501 
 1048501 
 1048501 
 1048500 
 1048500 
 1048500 
 1048499 
 1048499 
 1048499 
 1048499 
 1048499 
 1048499 
 1048499 
 1048499 
 1048499 
 1048499 
 1048499 
 1048499 
 1048498 
 1048498 
 1048498 
 1048498 
 1048497 
 1048495 
 1048495 
 1048495 
 1048495 
 1048495 
 1048495 
 1048495 
 1048495 
 1048495 
 1048495 
 1048495 
 1048495 
 1048495 
 1048495 
 1048495 
 1048495 
 1048494 
 1048494 
 1048493 
 1048493 
 1048492 
 1048492 
 1048492 
 1048492 
 1048491 
 1048490 
 1048490 
 1048490 
 1048490 
 1048490 
 1048490 
 1048490 
 1048490 
 1048490 
 1048490 
 1048490 
 1048490 
 1048490 
 1048489 
 1048487 
 1048487 
 1048487 
 1048487 
 1048487 
 1048487 
 1048486 
 1048485 
 1048485 
 1048485 
 1048484 
 1048483 
 1048483 
 1048483 
 1048483 
 1048483 
 1048483 
 1048481 
 1048481 
 1048481 
 1048481 
 1048481 
 1048481 
 1048481 
 1048481 
 1048481 
 1048481 
 1048481 
 1048481 
 1048481 
 1048481 
 1048481 
 1048481 
 1048480 
 1048480 
 1048480 
 1048480 
 1048480 
 1048480 
 1048480 
 1048480 
 1048480 
 1048480 
 1048480 
 1048480 
 1048480 
 1048480 
 1048480 
 1048480 
 1048479 
 1048479 
 1048479 
 1048479 
 1048478 
 1048478 
 1048478 
 1048478 
 1048478 
 1048478 
 1048478 
 1048478 
 1048478 
 1048478 
 1048478 
 1048478 
 1048478 
 1048476 
 1048476 
 1048476 
 1048476 
 1048476 
 1048476 
 1048476 
 1048475 
 1048475 
 1048475 
 1048475 
 1048475 
 1048475 
 1048475 
 1048475 
 1048474 
 1048474 
 1048473 
 1048473 
 1048473 
 1048473 
 1048473 
 1048473 
 1048473 
 1048473 
 1048473 
 1048473 
 1048473 
 1048473 
 1048473 
 1048473 
 1048473 
 1048472 
 1048472 
 1048472 
 1048472 
 1048472 
 1048472 
 1048472 
 1048472 
 1048471 
 1048471 
 1048471 
 1048471 
 1048471 
 1048470 
 1048470 
 1048470 
 1048470 
 1048468 
 1048467 
 1048467 
 1048466 
 1048466 
 1048465 
 1048464 
 1048463 
 1048463 
 1048463 
 1048463 
 1048463 
 1048462 
 1048462 
 1048462 
 1048462 
 1048462 
 1048462 
 1048462 
 1048462 
 1048462 
 1048462 
 1048462 
 1048462 
 1048461 
 1048461 
 1048461 
 1048461 
 1048461 
 1048461 
 1048461 
 1048461 
 1048461 
 1048461 
 1048460 
 1048460 
 1048460 
 1048459 
 1048459 
 1048459 
 1048458 
 1048458 
 1048458 
 1048458 
 1048458 
 1048458 
 1048458 
 1048457 
 1048457 
 1048457 
 1048457 
 1048457 
 1048457 
 1048457 
 1048457 
 1048457 
 1048457 
 1048457 
 1048457 
 1048457 
 1048456 
 1048456 
 1048456 
 1048456 
 1048455 
 1048454 
 1048454 
 1048454 
 1048453 
 1048452 
 1048452 
 1048452 
 1048452 
 1048452 
 1048452 
 1048452 
 1048452 
 1048452 
 1048452 
 1048452 
 1048452 
 1048452 
 1048452 
 1048452 
 1048452 
 1048452 
 1048452 
 1048452 
 1048452 
 1048452 
 1048452 
 1048452 
 1048452 
 1048452 
 1048452 
 1048451 
 1048451 
 1048451 
 1048451 
 1048451 
 1048451 
 1048450 
 1048449 
 1048449 
 1048449 
 1048449 
 1048449 
 1048449 
 1048449 
 1048449 
 1048448 
 1048448 
 1048448 
 1048448 
 1048448 
 1048448 
 1048448 
 1048448 
 1048448 
 1048448 
 1048448 
 1048447 
 1048447 
 1048447 
 1048447 
 1048447 
 1048447 
 1048447 
 1048447 
 1048447 
 1048447 
 1048446 
 1048446 
 1048446 
 1048446 
 1048446 
 1048446 
 1048446 
 1048445 
 1048445 
 1048444 
 1048444 
 1048443 
 1048443 
 1048443 
 1048443 
 1048443 
 1048443 
 1048443 
 1048443 
 1048442 
 1048441 
 1048441 
 1048441 
 1048441 
 1048441 
 1048441 
 1048441 
 1048441 
 1048441 
 1048441 
 1048441 
 1048440 
 1048440 
 1048440 
 1048440 
 1048440 
 1048439 
 1048439 
 1048439 
 1048439 
 1048439 
 1048439 
 1048438 
 1048438 
 1048437 
 1048437 
 1048437 
 1048437 
 1048437 
 1048437 
 1048437 
 1048437 
 1048437 
 1048437 
 1048437 
 1048435 
 1048435 
 1048435 
 1048435 
 1048435 
 1048435 
 1048435 
 1048435 
 1048435 
 1048434 
 1048434 
 1048433 
 1048433 
 1048432 
 1048432 
 1048432 
 1048432 
 1048432 
 1048432 
 1048432 
 1048432 
 1048432 
 1048432 
 1048432 
 1048431 
 1048431 
 1048431 
 1048431 
 1048431 
 1048431 
 1048430 
 1048430 
 1048430 
 1048430 
 1048430 
 1048430 
 1048430 
 1048430 
 1048430 
 1048430 
 1048430 
 1048430 
 1048430 
 1048430 
 1048430 
 1048428 
 1048428 
 1048428 
 1048426 
 1048426 
 1048426 
 1048426 
 1048426 
 1048426 
 1048426 
 1048426 
 1048426 
 1048426 
 1048426 
 1048426 
 1048426 
 1048426 
 1048425 
 1048424 
 1048424 
 1048424 
 1048424 
 1048424 
 1048424 
 1048424 
 1048423 
 1048423 
 1048421 
 1048420 
 1048420 
 1048420 
 1048420 
 1048420 
 1048420 
 1048419 
 1048419 
 1048419 
 1048419 
 1048419 
 1048419 
 1048419 
 1048419 
 1048419 
 1048419 
 1048419 
 1048419 
 1048419 
 1048419 
 1048419 
 1048419 
 1048419 
 1048419 
 1048419 
 1048419 
 1048419 
 1048419 
 1048418 
 1048418 
 1048418 
 1048417 
 1048417 
 1048416 
 1048416 
 1048415 
 1048414 
 1048414 
 1048414 
 1048414 
 1048413 
 1048413 
 1048413 
 1048413 
 1048413 
 1048413 
 1048413 
 1048413 
 1048412 
 1048411 
 1048411 
 1048411 
 1048411 
 1048411 
 1048411 
 1048411 
 1048411 
 1048411 
 1048411 
 1048410 
 1048410 
 1048409 
 1048409 
 1048409 
 1048409 
 1048409 
 1048409 
 1048409 
 1048409 
 1048409 
 1048409 
 1048409 
 1048408 
 1048408 
 1048408 
 1048408 
 1048408 
 1048408 
 1048408 
 1048408 
 1048408 
 1048408 
 1048407 
 1048407 
 1048406 
 1048406 
 1048406 
 1048406 
 1048406 
 1048405 
 1048405 
 1048404 
 1048404 
 1048404 
 1048404 
 1048404 
 1048404 
 1048404 
 1048404 
 1048404 
 1048404 
 1048404 
 1048404 
 1048404 
 1048404 
 1048404 
 1048404 
 1048404 
 1048404 
 1048404 
 1048404 
 1048404 
 1048404 
 1048403 
 1048402 
 1048402 
 1048402 
 1048402 
 1048402 
 1048401 
 1048401 
 1048401 
 1048401 
 1048401 
 1048401 
 1048401 
 1048401 
 1048401 
 1048401 
 1048400 
 1048400 
 1048399 
 1048399 
 1048399 
 1048399 
 1048399 
 1048399 
 1048399 
 1048398 
 1048398 
 1048398 
 1048398 
 1048398 
 1048398 
 1048398 
 1048398 
 1048398 
 1048398 
 1048398 
 1048398 
 1048398 
 1048397 
 1048397 
 1048397 
 1048397 
 1048397 
 1048397 
 1048397 
 1048397 
 1048397 
 1048397 
 1048397 
 1048397 
 1048396 
 1048395 
 1048395 
 1048395 
 1048395 
 1048394 
 1048394 
 1048394 
 1048394 
 1048394 
 1048394 
 1048394 
 1048393 
 1048392 
 1048392 
 1048391 
 1048391 
 1048391 
 1048391 
 1048391 
 1048390 
 1048390 
 1048390 
 1048389 
 1048389 
 1048389 
 1048389 
 1048389 
 1048387 
 1048387 
 1048387 
 1048386 
 1048386 
 1048386 
 1048385 
 1048385 
 1048385 
 1048385 
 1048385 
 1048384 
 1048382 
 1048382 
 1048382 
 1048382 
 1048381 
 1048381 
 1048381 
 1048380 
 1048380 
 1048380 
 1048380 
 1048379 
 1048379 
 1048379 
 1048379 
 1048379 
 1048379 
 1048378 
 1048378 
 1048378 
 1048378 
 1048377 
 1048377 
 1048377 
 1048377 
 1048377 
 1048377 
 1048377 
 1048376 
 1048376 
 1048376 
 1048375 
 1048375 
 1048375 
 1048375 
 1048374 
 1048374 
 1048374 
 1048374 
 1048374 
 1048374 
 1048374 
 1048372 
 1048372 
 1048372 
 1048371 
 1048371 
 1048371 
 1048370 
 1048370 
 1048370 
 1048369 
 1048369 
 1048369 
 1048366 
 1048366 
 1048365 
 1048365 
 1048365 
 1048365 
 1048365 
 1048365 
 1048365 
 1048365 
 1048364 
 1048364 
 1048364 
 1048364 
 1048364 
 1048364 
 1048364 
 1048364 
 1048363 
 1048363 
 1048363 
 1048363 
 1048362 
 1048362 
 1048362 
 1048362 
 1048362 
 1048361 
 1048360 
 1048359 
 1048358 
 1048357 
 1048356 
 1048356 
 1048356 
 1048356 
 1048356 
 1048356 
 1048356 
 1048356 
 1048356 
 1048356 
 1048356 
 1048356 
 1048356 
 1048356 
 1048355 
 1048355 
 1048354 
 1048351 
 1048351 
 1048351 
 1048350 
 1048349 
 1048349 
 1048348 
 1048348 
 1048348 
 1048346 
 1048343 
 1048343 
 1048342 
 1048341 
 1048340 
 1048339 
 1048338 
 1048337 
 1048335 
 1048335 
 1048335 
 1048335 
 1048334 
 1048334 
 1048334 
 1048333 
 1048330 
 1048329 
 1048327 
 1048326 
 1048326 
 1048325 
 1048325 
 1048323 
 1048323 
 1048322 
 1048322 
 1048322 
 1048322 
 1048320 
 1048319 
 1048319 
 1048318 
 1048318 
 1048317 
 1048316 
 1048316 
 1048316 
 1048314 
 1048314 
 1048313 
 1048309 
 1048309 
 1048308 
 1048307 
 1048305 
 1048303 
 1048301 
 1048299 
 1048298 
 1048296 
 1048294 
 1048291 
 1048289 
 1048289 
 1048287 
 1048285 
 1048284 
 1048282 
 1048280 
 1048279 
 1048279 
 1048277 
 1048274 
 1048272 
 1048272 
 1048270 
 1048269 
 1048264 
 1048262 
 1048259 
 1048258 
 1048254 
 1048252 
 1048252 
 1048252 
 1048251 
 1048248 
 1048245 
 1048243 
 1048243 
 1048241 
 1048237 
 1048236 
 1048236 
 1048236 
 1048236 
 1048231 
 1048229 
 1048223 
 1048221 
 1048219 
 1048216 
 1048212 
 1048211 
 1048207 
 1048206 
 1048205 
 1048203 
 1048200 
 1048199 
 1048197 
 1048195 
 1048193 
 1048189 
 1048184 
 1048182 
 1048180 
 1048177 
 1048176 
 1048171 
 1048166 
 1048162 
 1048158 
 1048155 
 1048149 
 1048146 
 1048144 
 1048142 
 1048141 
 1048137 
 1048134 
 1048129 
 1048127 
 1048125 
 1048122 
 1048119 
 1048115 
 1048110 
 1048107 
 1048104 
 1048097 
 1048093 
 1048091 
 1048084 
 1048079 
 1048076 
 1048071 
 1048070 
 1048061 
 1048057 
 1048053 
 1048048 
 1048042 
 1048035 
 1048030 
 1048022 
 1048016 
 1048009 
 1048003 
 1047998 
 1047989 
 1047977 
 1047967 
 1047961 
 1047953 
 1047945 
 1047937 
 1047931 
 1047925 
 1047918 
 1047912 
 1047900 
 1047893 
 1047885 
 1047879 
 1047873 
 1047868 
 1047862 
 1047853 
 1047844 
 1047830 
 1047816 
 1047805 
 1047800 
 1047788 
 1047781 
 1047776 
 1047762 
 1047748 
 1047738 
 1047729 
 1047715 
 1047699 
 1047684 
 1047666 
 1047652 
 1047635 
 1047623 
 1047613 
 1047596 
 1047575 
 1047559 
 1047548 
 1047526 
 1047507 
 1047490 
 1047473 
 1047449 
 1047426 
 1047404 
 1047383 
 1047363 
 1047334 
 1047312 
 1047284 
 1047257 
 1047224 
 1047185 
 1047151 
 1047107 
 1047072 
 1047026 
 1046987 
 1046943 
 1046901 
 1046857 
 1046818 
 1046759 
 1046688 
 1046632 
 1046549 
 1046472 
 1046391 
 1046312 
 1046222 
 1046125 
 1046019 
 1045899 
 1045788 
 1045654 
 1045508 
 1045372 
 1045224 
 1045008 
 1044804 
 1044561 
 1044287 
 1044019 
 1043694 
 1043298 
 1042794 
 1042274 
 1041644 
 1040876 
 1039979 
 1038723 
 1037064 
 1034900 
 1031954 
 1027758 
 1019901 
 991294 
 0 
 -1
